empresa,cnpj,marcas,dominios,portaria,requerimento,cnpj_basico,cnpj_dv_ok
BPX BETS SPORTS GROUP LTDA,55590815000160,VAIDEBET,vaidebet.bet.br,"SPA/MF nº 797, de 23 de março de 2026",0059/2024,55590815,True
BPX BETS SPORTS GROUP LTDA,55590815000160,BETPIX365,betpix365.bet.br,"SPA/MF nº 797, de 23 de março de 2026",0059/2024,55590815,True
BPX BETS SPORTS GROUP LTDA,55590815000160,OBABET,obabet.bet.br,"SPA/MF nº 797, de 23 de março de 2026",0059/2024,55590815,True
NOSSO TIME IGAMING LTDA,60828451000143,JOGA JUNTO,jogajunto.bet.br,"SPA/MF nº 604, de 6 de março de 2026",0062/2025,60828451,True
BB GAMING LTDA,57522731000114,BRA,bra.bet.br,"SPA/MF nº 92, de 13 de janeiro de 2026",0210/2024,57522731,True
BB GAMING LTDA,57522731000114,XX,xx.bet.br,"SPA/MF nº 92, de 13 de janeiro de 2026",0210/2024,57522731,True
ESTADOX LTDA,56108627000115,TROPINO,tropino.bet.br,"SPA/MF nº 2.325, de 14 de outubro de 2025",0091/2024,56108627,True
ESTADOX LTDA,56108627000115,BZ,bz.bet.br,"SPA/MF nº 2.325, de 14 de outubro de 2025",0091/2024,56108627,True
ESTADOX LTDA,56108627000115,55W,55w.bet.br,"SPA/MF nº 2.325, de 14 de outubro de 2025",0091/2024,56108627,True
OIG GAMING BRAZIL LTDA,55459453000172,ICE,ice.bet.br,"SPA/MF nº 2.040, de 11 de setembro de 2025",0044/2025,55459453,True
ENSEADA SERVIÇOS E TECNOLOGIA LTDA,53429401000128,KBET,kbet.bet.br,"SPA/MF nº 1.792, de 13 de agosto de 2025",0058/2024,53429401,True
LAGUNA SERVIÇOS E TECNOLOGIA LTDA,50920462000103,NOSSABET,nossa.bet.br,"SPA/MF nº 1.791, de 13 de agosto de 2025",0087/2024,50920462,True
DEFY LTDA,47974569000111,1XBET,1xbet.bet.br,"SPA/MF nº 1.666, de 29 de julho de 2025",0104/2024,47974569,True
CAIXA LOTERIAS S.A.,24038490000183,BETCAIXA,betcaixa.bet.br,"SPA/MF nº 1.665, de 29 de julho de 2025",0081/2024,24038490,True
CAIXA LOTERIAS S.A.,24038490000183,MEGABET,megabet.bet.br,"SPA/MF nº 1.665, de 29 de julho de 2025",0081/2024,24038490,True
CAIXA LOTERIAS S.A.,24038490000183,XBET CAIXA,xbetcaixa.bet.br,"SPA/MF nº 1.665, de 29 de julho de 2025",0081/2024,24038490,True
TQJ-PAR PARTICIPAÇÕES SOCIETÁRIAS S.A.,55238676000100,BAÚ BINGO,bau.bet.br,"SPA/MF nº 1.344, de 18 de junho de 2025",0055/2024,55238676,True
TQJ-PAR PARTICIPAÇÕES SOCIETÁRIAS S.A.,55238676000100,BET DO MILHÃO,milhao.bet.br,"SPA/MF nº 1.344, de 18 de junho de 2025",0055/2024,55238676,True
RESPONSA GAMMING BRASIL LIMITADA,56905647000117,JOGA LIMPO,jogalimpo.bet.br,"SPA/MF nº 1.343, de 18 de junho de 2025",0083/2024,56905647,True
RESPONSA GAMMING BRASIL LIMITADA,56905647000117,ENERGIA,energia.bet.br,"SPA/MF nº 1.343, de 18 de junho de 2025",0083/2024,56905647,True
SELECT OPERATIONS LTDA,56875122000186,MMA,mmabet.bet.br,"SPA/MF nº 1.112, de 21 de maio de 2025",0062/2024,56875122,True
SELECT OPERATIONS LTDA,56875122000186,BETVIP,betvip.bet.br,"SPA/MF nº 1.112, de 21 de maio de 2025",0062/2024,56875122,True
SELECT OPERATIONS LTDA,56875122000186,PAPIGAMES,papigames.bet.br,"SPA/MF nº 1.112, de 21 de maio de 2025",0062/2024,56875122,True
SPORTVIP GROUP INTERNATIONAL APOSTAS LTDA,56257966000163,ESPORTIVAVIP,esportivavip.bet.br,"SPA/MF nº 1.055, de 14 de maio de 2025",0065/2024,56257966,True
SPORTVIP GROUP INTERNATIONAL APOSTAS LTDA,56257966000163,CBESPORTES,cbesportes.bet.br,"SPA/MF nº 1.055, de 14 de maio de 2025",0065/2024,56257966,True
SPORTVIP GROUP INTERNATIONAL APOSTAS LTDA,56257966000163,DONOSDABOLA,donosdabola.bet.br,"SPA/MF nº 1.055, de 14 de maio de 2025",0065/2024,56257966,True
7MBR LTDA,56442917000109,VERT,vert.bet.br,"SPA/MF nº 844, de 17 de abril de 2025",0056/2024,56442917,True
7MBR LTDA,56442917000109,CGG,cgg.bet.br,"SPA/MF nº 844, de 17 de abril de 2025",0056/2024,56442917,True
7MBR LTDA,56442917000109,FANBIT,fanbit.bet.br,"SPA/MF nº 844, de 17 de abril de 2025",0056/2024,56442917,True
PIXBET SOLUÇÕES TECNOLÓGICAS LTDA.,40633348000130,PIXBET,pix.bet.br,"SPA/MF nº 806, de 14 de abril de 2025",0042/2024,40633348,True
PIXBET SOLUÇÕES TECNOLÓGICAS LTDA.,40633348000130,GANHEIBET,ganhei.bet.br,"SPA/MF nº 806, de 14 de abril de 2025",0042/2024,40633348,True
PIXBET SOLUÇÕES TECNOLÓGICAS LTDA.,40633348000130,BET DA SORTE,betdasorte.bet.br,"SPA/MF nº 806, de 14 de abril de 2025",0042/2024,40633348,True
VANGUARD ENTRETENIMENTO BRASIL LTDA,56885537000130,ESPORTE 365,esporte365.bet.br,"SPA/MF nº 693, de 1º de abril de 2025",0092/2024,56885537,True
VANGUARD ENTRETENIMENTO BRASIL LTDA,56885537000130,BET AKI,betaki.bet.br,"SPA/MF nº 693, de 1º de abril de 2025",0092/2024,56885537,True
VANGUARD ENTRETENIMENTO BRASIL LTDA,56885537000130,JOGO DE OURO,jogodeouro.bet.br,"SPA/MF nº 693, de 1º de abril de 2025",0092/2024,56885537,True
SISTEMA LOTÉRICO DE PERNAMBUCO LTDA.,06023798000173,MCGAMES,mcgames.bet.br,"SPA/MF nº 528, de 14 de março de 2025",0109/2024,06023798,True
SISTEMA LOTÉRICO DE PERNAMBUCO LTDA.,06023798000173,PLAY,play.bet.br,"SPA/MF nº 528, de 14 de março de 2025",0109/2024,06023798,True
SISTEMA LOTÉRICO DE PERNAMBUCO LTDA.,06023798000173,MONTECARLOS,montecarlos.bet.br,"SPA/MF nº 528, de 14 de março de 2025",0109/2024,06023798,True
LBBR APOSTAS DE QUOTA FIXA LIMITADA,56441713000145,LUCK.BET,luck.bet.br,"SPA/MF nº 527, de 14 de março de 2025",0090/2024,56441713,True
LBBR APOSTAS DE QUOTA FIXA LIMITADA,56441713000145,1 PRA 1,1pra1.bet.br,"SPA/MF nº 527, de 14 de março de 2025",0090/2024,56441713,True
LBBR APOSTAS DE QUOTA FIXA LIMITADA,56441713000145,STARTBET,start.bet.br,"SPA/MF nº 527, de 14 de março de 2025",0090/2024,56441713,True
MERIDIAN GAMING BRASIL SPE LTDA,56195600000107,MERIDIAN,meridianbet.bet.br,"SPA/MF nº 526, de 14 de março de 2025",0086/2024,56195600,True
MERIDIAN GAMING BRASIL SPE LTDA,56195600000107,PIN,pin.bet.br,"SPA/MF nº 526, de 14 de março de 2025",0086/2024,56195600,True
RR PARTICIPAÇÕES E INTERMEDIAÇÕES DE NEGÓCIOS LTDA,23159703000162,MULTIBET,multi.bet.br,"SPA/MF nº 525, de 14 de março de 2025",0077/2024,23159703,True
RR PARTICIPAÇÕES E INTERMEDIAÇÕES DE NEGÓCIOS LTDA,23159703000162,RICOBET,rico.bet.br,"SPA/MF nº 525, de 14 de março de 2025",0077/2024,23159703,True
RR PARTICIPAÇÕES E INTERMEDIAÇÕES DE NEGÓCIOS LTDA,23159703000162,BRXBET,brx.bet.br,"SPA/MF nº 525, de 14 de março de 2025",0077/2024,23159703,True
PIX NA HORA,55258645000110,APOSTA1,aposta1.bet.br,"SPA/MF nº 524, de 14 de março de 2025",0072/2024,55258645,True
PIX NA HORA,55258645000110,APOSTAMAX,apostamax.bet.br,"SPA/MF nº 524, de 14 de março de 2025",0072/2024,55258645,True
PIX NA HORA,55258645000110,AVIÃOBET,aviao.bet.br,"SPA/MF nº 524, de 14 de março de 2025",0072/2024,55258645,True
EA ENTRETENIMENTO E ESPORTES S.A.,53570592000143,BATEU BET,bateu.bet.br,"SPA/MF nº 523, de 14 de março de 2025",0047/2024,53570592,True
EA ENTRETENIMENTO E ESPORTES S.A.,53570592000143,ESPORTIVA BET,esportiva.bet.br,"SPA/MF nº 523, de 14 de março de 2025",0047/2024,53570592,True
HILGARDO GAMING LTDA,54362120000168,A247,a247.bet.br,"SPA/MF nº 475, de 10 de março de 2025",0106/2024,54362120,True
HILGARDO GAMING LTDA,54362120000168,HILGARDO,a definir,"SPA/MF nº 475, de 10 de março de 2025",0106/2024,54362120,True
HILGARDO GAMING LTDA,54362120000168,HILGARDO GAMING,a definir,"SPA/MF nº 475, de 10 de março de 2025",0106/2024,54362120,True
VERSUS BRASIL LTDA,55080231000144,VERSUSBET,versus.bet.br,"SPA/MF nº 474, de 10 de março de 2025",0089/2024,55080231,True
VERSUS BRASIL LTDA,55080231000144,VS - VERSUS,a definir,"SPA/MF nº 474, de 10 de março de 2025",0089/2024,55080231,True
WORLD SPORTS TECHNOLOGY DO BRASIL S.A.,55822818000181,BETCOPA,betcopa.bet.br,"SPA/MF nº 473, de 10 de março de 2025",0075/2024,55822818,True
WORLD SPORTS TECHNOLOGY DO BRASIL S.A.,55822818000181,BRASIL DA SORTE,brasildasorte.bet.br,"SPA/MF nº 473, de 10 de março de 2025",0075/2024,55822818,True
WORLD SPORTS TECHNOLOGY DO BRASIL S.A.,55822818000181,FYBET,fybet.bet.br,"SPA/MF nº 473, de 10 de março de 2025",0075/2024,55822818,True
B3T4 INTERNATIONAL GROUP LTDA,56706644000154,BET4,bet4.bet.br,"SPA/MF nº 472, de 10 de março de 2025",0063/2024,56706644,True
B3T4 INTERNATIONAL GROUP LTDA,56706644000154,APOSTA BET,aposta.bet.br,"SPA/MF nº 472, de 10 de março de 2025",0063/2024,56706644,True
B3T4 INTERNATIONAL GROUP LTDA,56706644000154,FAZ O BET,fazo.bet.br,"SPA/MF nº 472, de 10 de março de 2025",0063/2024,56706644,True
FOGGO ENTERTAINMENT LTDA,56431248000161,BLAZE,blaze.bet.br,"SPA/MF nº 471, de 10 de março de 2025",0053/2024,56431248,True
FOGGO ENTERTAINMENT LTDA,56431248000161,JONBET,jonbet.bet.br,"SPA/MF nº 471, de 10 de março de 2025",0053/2024,56431248,True
TRACK GAMING BRASIL LTDA,56706701000103,BETWARRIOR,betwarrior.bet.br,"SPA/MF nº 470, de 10 de março de 2025",0049/2024,56706701,True
TRACK GAMING BRASIL LTDA,56706701000103,DR. BINGO,drbingo.bet.br,"SPA/MF nº 470, de 10 de março de 2025",0049/2024,56706701,True
GORILLAS GROUP DO BRASIL LTDA,37456039000128,BET GORILLAS,betgorillas.bet.br,"SPA/MF nº 469, de 10 de março de 2025",0046/2024,37456039,True
GORILLAS GROUP DO BRASIL LTDA,37456039000128,BET BUFFALOS,betbuffalos.bet.br,"SPA/MF nº 469, de 10 de março de 2025",0046/2024,37456039,True
GORILLAS GROUP DO BRASIL LTDA,37456039000128,BET FALCONS,betfalcons.bet.br,"SPA/MF nº 469, de 10 de março de 2025",0046/2024,37456039,True
BLOW MARKETPLACE LTDA,37486405000191,BRAVO,bravo.bet.br,"SPA/MF nº 468, de 10 de março de 2025",0039/2024,37486405,True
BLOW MARKETPLACE LTDA,37486405000191,TRADICIONAL,tradicional.bet.br,"SPA/MF nº 468, de 10 de março de 2025",0039/2024,37486405,True
BLOW MARKETPLACE LTDA,37486405000191,APOSTATUDO,apostatudo.bet.br,"SPA/MF nº 468, de 10 de março de 2025",0039/2024,37486405,True
FAST GAMING S.A.,55980542000160,BETFAST,betfast.bet.br,"SPA/MF nº 467, de 10 de março de 2025",0031/2024,55980542,True
FAST GAMING S.A.,55980542000160,FAZ1BET,faz1.bet.br,"SPA/MF nº 467, de 10 de março de 2025",0031/2024,55980542,True
FAST GAMING S.A.,55980542000160,TIVOBET,tivo.bet.br,"SPA/MF nº 467, de 10 de março de 2025",0031/2024,55980542,True
FUTURAS APOSTAS LTDA,55399607000188,BRAZINO777,brazino777.bet.br,"SPA/MF nº 466, de 10 de março de 2025",0023/2024,55399607,True
GAMEWIZ BRASIL LTDA,56195099000189,IJOGO,ijogo.bet.br,"SPA/MF nº 465, de 10 de março de 2025",0020/2024,56195099,True
GAMEWIZ BRASIL LTDA,56195099000189,FOGO777,fogo777.bet.br,"SPA/MF nº 465, de 10 de março de 2025",0020/2024,56195099,True
GAMEWIZ BRASIL LTDA,56195099000189,P9,p9.bet.br,"SPA/MF nº 465, de 10 de março de 2025",0020/2024,56195099,True
GAMEWIZ BRASIL LTDA,56195099000189,9F,9f.bet.br,"SPA/MF nº 464, de 10 de março de 2025",0019/2024,56195099,True
GAMEWIZ BRASIL LTDA,56195099000189,6R,6r.bet.br,"SPA/MF nº 464, de 10 de março de 2025",0019/2024,56195099,True
GAMEWIZ BRASIL LTDA,56195099000189,BET.APP,betapp.bet.br,"SPA/MF nº 464, de 10 de março de 2025",0019/2024,56195099,True
SABIA ADMINISTRACAO LTDA,04426418000116,BR4BET,br4.bet.br,"SPA/MF nº 399, de 24 de fevereiro de 2025",0066/2024,04426418,True
SABIA ADMINISTRACAO LTDA,04426418000116,GOL DE BET,goldebet.bet.br,"SPA/MF nº 399, de 24 de fevereiro de 2025",0066/2024,04426418,True
SABIA ADMINISTRACAO LTDA,04426418000116,LOTOGREEN,lotogreen.bet.br,"SPA/MF nº 399, de 24 de fevereiro de 2025",0066/2024,04426418,True
SKILL ON NET LTDA,55927219000122,BACANAPLAY,bacanaplay.bet.br,"SPA/MF nº 374, de 24 de fevereiro de 2025",0074/2024,55927219,True
SKILL ON NET LTDA,55927219000122,PLAYUZU,playuzu.bet.br,"SPA/MF nº 374, de 24 de fevereiro de 2025",0074/2024,55927219,True
BETBR LOTERIAS LTDA,55881028000177,APOSTOU,apostou.bet.br,"SPA/MF nº 373, de 24 de fevereiro de 2025",0045/2024,55881028,True
BETBR LOTERIAS LTDA,55881028000177,B1 BET,b1bet.bet.br,"SPA/MF nº 373, de 24 de fevereiro de 2025",0045/2024,55881028,True
BETBR LOTERIAS LTDA,55881028000177,BRBET,brbet.bet.br,"SPA/MF nº 373, de 24 de fevereiro de 2025",0045/2024,55881028,True
UX ENTERTAINMENT LTDA,56197912000150,REALS,reals.bet.br,"SPA/MF nº 372, de 24 de fevereiro de 2025",0013/2024,56197912,True
UX ENTERTAINMENT LTDA,56197912000150,BINGO,bingo.bet.br,"SPA/MF nº 372, de 24 de fevereiro de 2025",0013/2024,56197912,True
UX ENTERTAINMENT LTDA,56197912000150,BETGO,betgo.bet.br,"SPA/MF nº 372, de 24 de fevereiro de 2025",0013/2024,56197912,True
SIMULCASTING BRASIL SOM E IMAGEM S.A.,17385948000105,BETSSON,betsson.bet.br,"SPA/MF nº 371, de 24 de fevereiro de 2025",0008/2024,17385948,True
BIG BRAZIL TECNOLOGIA E LOTERIA S.A.,41590869000110,BIG,big.bet.br,"SPA/MF nº 370, de 24 de fevereiro de 2025",0005/2024,41590869,True
OPEN GAMING S.A.,53274124000121,BET.BET,betpontobet.bet.br,"SPA/MF nº 326, de 17 fevereiro de 2025",0103/2024,53274124,True
OPEN GAMING S.A.,53274124000121,DONALDBET,donald.bet.br,"SPA/MF nº 326, de 17 fevereiro de 2025",0103/2024,53274124,True
SEVENX GAMING LTDA,56504413000168,BULLSBET,bullsbet.bet.br,"SPA/MF nº 325, de  17 fevereiro de 2025",0097/2024,56504413,True
SEVENX GAMING LTDA,56504413000168,JOGÃO,jogao.bet.br,"SPA/MF nº 325, de  17 fevereiro de 2025",0097/2024,56504413,True
SEVENX GAMING LTDA,56504413000168,JOGOS,jogos.bet.br,"SPA/MF nº 325, de  17 fevereiro de 2025",0097/2024,56504413,True
LOGAME DO BRASIL LTDA,56349116000195,LÍDERBET,lider.bet.br,"SPA/MF nº 324, de  17 fevereiro de 2025",0096/2024,56349116,True
LOGAME DO BRASIL LTDA,56349116000195,GERALBET,geralbet.bet.br,"SPA/MF nº 324, de  17 fevereiro de 2025",0096/2024,56349116,True
UPBET BRASIL LTDA,56236761000100,UPBETBR,up.bet.br,"SPA/MF nº 323, de 17 de fevereiro de 2025",0057/2024,56236761,True
UPBET BRASIL LTDA,56236761000100,9D,9d.bet.br,"SPA/MF nº 323, de 17 de fevereiro de 2025",0057/2024,56236761,True
UPBET BRASIL LTDA,56236761000100,WJCASINO,wjcasino.bet.br,"SPA/MF nº 323, de 17 de fevereiro de 2025",0057/2024,56236761,True
ANA GAMING BRASIL S.A.,55933850000134,7K,7k.bet.br,"SPA/MF nº 322, de 17 de fevereiro de 2025",0054/2024,55933850,True
ANA GAMING BRASIL S.A.,55933850000134,CASSINO,cassino.bet.br,"SPA/MF nº 322, de 17 de fevereiro de 2025",0054/2024,55933850,True
ANA GAMING BRASIL S.A.,55933850000134,VERA,vera.bet.br,"SPA/MF nº 322, de 17 de fevereiro de 2025",0054/2024,55933850,True
HIPER BET TECNOLOGIA LTDA.,55404799000173,HIPERBET,hiper.bet.br,"SPA/MF nº 321, de 17 de fevereiro de 2025",0016/2024,55404799,True
EB INTERMEDIACOES E JOGOS S.A.,52639845000125,ESTRELABET,estrelabet.bet.br,"SPA/MF nº 320, de 17 de fevereiro de 2025",0012/2024,52639845,True
EB INTERMEDIACOES E JOGOS S.A.,52639845000125,VUPI,vupi.bet.br,"SPA/MF nº 320, de 17 de fevereiro de 2025",0012/2024,52639845,True
F12 DO BRASIL JOGOS ELETRONICOS LTDA,51897834000182,F12.BET,f12.bet.br,"SPA/MF nº 319, de 17 de fevereiro de 2025",0010/2024,51897834,True
F12 DO BRASIL JOGOS ELETRONICOS LTDA,51897834000182,LUVA.BET,luva.bet.br,"SPA/MF nº 319, de 17 de fevereiro de 2025",0010/2024,51897834,True
F12 DO BRASIL JOGOS ELETRONICOS LTDA,51897834000182,BRASIL.BET,brasil.bet.br,"SPA/MF nº 319, de 17 de fevereiro de 2025",0010/2024,51897834,True
BELL VENTURES DIGITAL LTDA,56638458000125,BANDBET,bandbet.bet.br,"SPA/MF nº 270, de 10 de fevereiro de 2025",0051/2024,56638458,True
NEXUS INTERNATIONAL LTDA,55078134000117,MEGAPOSTA,megaposta.bet.br,"SPA/MF nº 265, de 07 de fevereiro de 2025",0118/2024,55078134,True
OLAVIR LTDA,56873267000148,RIVALO,rivalo.bet.br,"SPA/MF nº 264, de 07 de fevereiro de 2025",0105/2024,56873267,True
STAKE BRAZIL LTDA,56525936000190,STAKE,stake.bet.br,"SPA/MF nº 263, de 07 de fevereiro de 2025",0079/2024,56525936,True
JOGO PRINCIPAL LTDA,56302709000104,GINGABET,ginga.bet.br,"SPA/MF nº 262, de 07 de fevereiro de 2025",0073/2024,56302709,True
JOGO PRINCIPAL LTDA,56302709000104,QGBET,qg.bet.br,"SPA/MF nº 262, de 07 de fevereiro de 2025",0073/2024,56302709,True
JOGO PRINCIPAL LTDA,56302709000104,VIVASORTE,vivasorte.bet.br,"SPA/MF nº 262, de 07 de fevereiro de 2025",0073/2024,56302709,True
BRILLIANT GAMING LTDA,56259060000188,AFUN,afun.bet.br,"SPA/MF nº 261, de 07 de fevereiro de 2025",0052/2024,56259060,True
BRILLIANT GAMING LTDA,56259060000188,AI,ai.bet.br,"SPA/MF nº 261, de 07 de fevereiro de 2025",0052/2024,56259060,True
BRILLIANT GAMING LTDA,56259060000188,6Z,6z.bet.br,"SPA/MF nº 261, de 07 de fevereiro de 2025",0052/2024,56259060,True
SORTENABET GAMING BRASIL S.A.,54989030000100,SORTENABET,sortenabet.bet.br,"SPA/MF nº 260, de 07 de fevereiro de 2025",0050/2024,54989030,True
SORTENABET GAMING BRASIL S.A.,54989030000100,BETOU,betou.bet.br,"SPA/MF nº 260, de 07 de fevereiro de 2025",0050/2024,54989030,True
SORTENABET GAMING BRASIL S.A.,54989030000100,BETFUSION,betfusion.bet.br,"SPA/MF nº 260, de 07 de fevereiro de 2025",0050/2024,54989030,True
LEVANTE BRASIL LTDA,55045663000114,SORTE ONLINE,sorteonline.bet.br,"SPA/MF nº 259, de 07 de fevereiro de 2025",0040/2024,55045663,True
LEVANTE BRASIL LTDA,55045663000114,LOTTOLAND,lottoland.bet.br,"SPA/MF nº 259, de 07 de fevereiro de 2025",0040/2024,55045663,True
BETSPEED LTDA,56061524000147,TIGER.BET,tiger.bet.br,"SPA/MF nº 258, de 07 de fevereiro de 2025",0037/2024,56061524,True
BETSPEED LTDA,56061524000147,PQ777,pq777.bet.br,"SPA/MF nº 258, de 07 de fevereiro de 2025",0037/2024,56061524,True
BETSPEED LTDA,56061524000147,5G,5g.bet.br,"SPA/MF nº 258, de 07 de fevereiro de 2025",0037/2024,56061524,True
BETESPORTE APOSTAS ON LINE LTDA,56295104000125,BETESPORTE,betesporte.bet.br,"SPA/MF nº 257, de 07 de fevereiro de 2025",0033/2024,56295104,True
BETESPORTE APOSTAS ON LINE LTDA,56295104000125,LANCE DE SORTE,lancedesorte.bet.br,"SPA/MF nº 257, de 07 de fevereiro de 2025",0033/2024,56295104,True
SUPREMA BET LTDA,56183358000151,SUPREMABET,suprema.bet.br,"SPA/MF nº 256, de 07 de fevereiro de 2025",0032/2024,56183358,True
SUPREMA BET LTDA,56183358000151,MAXIMABET,maxima.bet.br,"SPA/MF nº 256, de 07 de fevereiro de 2025",0032/2024,56183358,True
SUPREMA BET LTDA,56183358000151,ULTRABET,ultra.bet.br,"SPA/MF nº 256, de 07 de fevereiro de 2025",0032/2024,56183358,True
CDA GAMING LTDA,56636543000154,CASA DE APOSTAS,casadeapostas.bet.br,"SPA/MF nº 255, de 07 de fevereiro de 2025",0029/2024,56636543,True
CDA GAMING LTDA,56636543000154,BET SUL,betsul.bet.br,"SPA/MF nº 255, de 07 de fevereiro de 2025",0029/2024,56636543,True
CDA GAMING LTDA,56636543000154,JOGO ONLINE,jogoonline.bet.br,"SPA/MF nº 255, de 07 de fevereiro de 2025",0029/2024,56636543,True
SC OPERATING BRAZIL LTDA,54068631000171,VBET,vbet.bet.br,"SPA/MF nº 254, de 07 de fevereiro de 2025",0028/2024,54068631,True
SC OPERATING BRAZIL LTDA,54068631000171,VIVARO,vivaro.bet.br,"SPA/MF nº 254, de 07 de fevereiro de 2025",0028/2024,54068631,True
H2 LICENSED LTDA,56303755000110,SEUBET,seu.bet.br,"SPA/MF nº 253, de 07 de fevereiro de 2025",0027/2024,56303755,True
H2 LICENSED LTDA,56303755000110,H2 BET,h2.bet.br,"SPA/MF nº 253, de 07 de fevereiro de 2025",0027/2024,56303755,True
LUCKY GAMING LTDA,56212040000151,4WIN,4win.bet.br,"SPA/MF nº 252, de 07 de fevereiro de 2025",0025/2024,56212040,True
LUCKY GAMING LTDA,56212040000151,4PLAY,4play.bet.br,"SPA/MF nº 252, de 07 de fevereiro de 2025",0025/2024,56212040,True
LUCKY GAMING LTDA,56212040000151,PAGOL,pagol.bet.br,"SPA/MF nº 252, de 07 de fevereiro de 2025",0025/2024,56212040,True
APOSTA GANHA LOTERIAS LTDA,56001749000108,APOSTA GANHA,apostaganha.bet.br,"SPA/MF nº 251, de 07 de fevereiro de 2025",0022/2024,56001749,True
APOSTA GANHA LOTERIAS LTDA,56001749000108,RECEBA,receba.bet.br,"SPA/MF nº 251, de 07 de fevereiro de 2025",0022/2024,56001749,True
HS DO BRASIL LTDA,47123407000170,BET365,bet365.bet.br,"SPA/MF nº 250, de 07 de fevereiro de 2025",0021/2024,47123407,True
NVBT GAMING LTDA,50587712000127,NOVIBET,novibet.bet.br,"SPA/MF nº 249, de 07 fevereiro de 2025",0017/2024,50587712,True
NSX BETFAIR BRASIL S.A,55229080000143,BETFAIR,betfair.bet.br,"SPA/MF nº 248, de 07 de fevereiro de 2025",0014/2024,55229080,True
VENTMEAR BRASIL S.A.,52868380000184,SPORTINGBET,sportingbet.bet.br,"SPA/MF nº 247, de 07 de fevereiro de 2025",0004/2024,52868380,True
VENTMEAR BRASIL S.A.,52868380000184,BETBOO,betboo.bet.br,"SPA/MF nº 247, de 07 de fevereiro de 2025",0004/2024,52868380,True
KAIZEN GAMING BRASIL LTDA,46786961000174,BETANO,betano.bet.br,"SPA/MF nº 246, de 07 de fevereiro de 2025",0001/2024,46786961,True
ESPORTES GAMING BRASIL LTDA,56075466000100,ESPORTES DA SORTE,esportesdasorte.bet.br,"SPA/MF nº 136, de 22 de janeiro de 2025",0030/2024,56075466,True
ESPORTES GAMING BRASIL LTDA,56075466000100,ONABET,ona.bet.br,"SPA/MF nº 136, de 22 de janeiro de 2025",0030/2024,56075466,True
ESPORTES GAMING BRASIL LTDA,56075466000100,LOTTU,lottu.bet.br,"SPA/MF nº 136, de 22 de janeiro de 2025",0030/2024,56075466,True
LINDAU GAMING BRASIL S.A.,50550511000155,OLEYBET,oleybet.bet.br,"SPA/MF nº 2.105, de 30 de dezembro de 2024",0085/2024,50550511,True
BETBOOM LTDA,54951974000180,BETBOOM,betboom.bet.br,"SPA/MF nº 2.103, de 30 de dezembro de 2024",0069/2024,54951974,True
BETBOOM LTDA,54951974000180,FREE,free.bet.br,"SPA/MF nº 2.103, de 30 de dezembro de 2024",0069/2024,54951974,True
A2FBR S.A.,56147145000174,PINNACLE,pinnacle.bet.br,"SPA/MF nº 2.102, de 30 de dezembro de 2024",0067/2024,56147145,True
A2FBR S.A.,56147145000174,MATCHBOOK,matchbook.bet.br,"SPA/MF nº 2.102, de 30 de dezembro de 2024",0067/2024,56147145,True
A2FBR S.A.,56147145000174,BETESPECIAL,betespecial.bet.br,"SPA/MF nº 2.102, de 30 de dezembro de 2024",0067/2024,56147145,True
A2FBR S.A.,56147145000174,BOLSA DE APOSTA,bolsadeaposta.bet.br,"SPA/MF nº 2.101, de 30 de dezembro de 2024",0067/2024,56147145,True
A2FBR S.A.,56147145000174,FULLTBET,fulltbet.bet.br,"SPA/MF nº 2.101, de 30 de dezembro de 2024",0067/2024,56147145,True
A2FBR S.A.,56147145000174,BETBRA,betbra.bet.br,"SPA/MF nº 2.101, de 30 de dezembro de 2024",0067/2024,56147145,True
ALFA ENTRETENIMENTO S.A.,55359927000104,ALFA.BET,alfa.bet.br,"SPA/MF nº 2.100, de 30 de dezembro de 2024",0060/2024,55359927,True
DIGIPLUS BRAZIL INTERACTIVE LTDA,56060798000111,ARENAPLUS,arenaplus.bet.br,"SPA/MF nº 2.099, de 30 de dezembro de 2024",0041/2024,56060798,True
BOA LION S.A.,53837227000152,BETMGM,betmgm.bet.br,"SPA/MF nº 2.098, de 30 de dezembro de 2024",0036/2024,53837227,True
BOA LION S.A.,53837227000152,MGM,mgm.bet.br,"SPA/MF nº 2.098, de 30 de dezembro de 2024",0036/2024,53837227,True
SEGURO BET LTDA,56268974000105,SEGURO BET,seguro.bet.br,"SPA/MF nº 2.097, de 30 de dezembro de 2024",0018/2024,56268974,True
SEGURO BET LTDA,56268974000105,KING PANDA,kingpanda.bet.br,"SPA/MF nº 2.097, de 30 de dezembro de 2024",0018/2024,56268974,True
OIG GAMING BRAZIL LTDA,55459453000172,7GAMES,7games.bet.br,"SPA/MF nº 2.096, de 30 de dezembro de 2024",0015/2024,55459453,True
OIG GAMING BRAZIL LTDA,55459453000172,BETÃO,betao.bet.br,"SPA/MF nº 2.096, de 30 de dezembro de 2024",0015/2024,55459453,True
OIG GAMING BRAZIL LTDA,55459453000172,R7,r7.bet.br,"SPA/MF nº 2.096, de 30 de dezembro de 2024",0015/2024,55459453,True
BLAC JOGOS LTDA,55988317000170,SPORTYBET,sporty.bet.br,"SPA/MF nº 2.095, de 30 de dezembro de 2024",0011/2024,55988317,True
GALERA GAMING JOGOS ELETRONICOS S.A.,31853299000150,GALERA.BET,galera.bet.br,"SPA/MF nº 2.094, de 30 de dezembro de 2024",0009/2024,31853299,True
APOLLO OPERATIONS LTDA,54923003000126,KTO,kto.bet.br,"SPA/MF nº 2.093, de 30 de dezembro de 2024",0007/2024,54923003,True
NSX BRASIL S.A.,55056104000100,BETNACIONAL,betnacional.bet.br,"SPA/MF nº 2.092, de 30 de dezembro de 2024",0006/2024,55056104,True
"MMD TECNOLOGIA, ENTRETENIMENTO E MARKETING LTDA",34935286000119,REI DO PITACO,reidopitaco.bet.br,"SPA/MF nº 2.091, de 30 de dezembro 2024",0003/2024,34935286,True
"MMD TECNOLOGIA, ENTRETENIMENTO E MARKETING LTDA",34935286000119,PITACO,pitaco.bet.br,"SPA/MF nº 2.091, de 30 de dezembro 2024",0003/2024,34935286,True
"MMD TECNOLOGIA, ENTRETENIMENTO E MARKETING LTDA",34935286000119,RdP,rdp.bet.br,"SPA/MF nº 2.091, de 30 de dezembro 2024",0003/2024,34935286,True
SPRBT INTERACTIVE BRASIL LTDA,54071596000140,SUPERBET,superbet.bet.br,"SPA/MF nº 2.090, de 30 de dezembro de 2024",0002/2024,54071596,True
SPRBT INTERACTIVE BRASIL LTDA,54071596000140,MAGICJACKPOT,magicjackpot.bet.br,"SPA/MF nº 2.090, de 30 de dezembro de 2024",0002/2024,54071596,True
SPRBT INTERACTIVE BRASIL LTDA,54071596000140,SUPER,super.bet.br,"SPA/MF nº 2.090, de 30 de dezembro de 2024",0002/2024,54071596,True
