cnpj,empresa,marca,dominio,portaria,requerimento,dominio_pareado
55590815000160,BPX BETS SPORTS GROUP LTDA,VAIDEBET,vaidebet.bet.br,"SPA/MF nº 797, de 23 de março de 2026",0059/2024,True
55590815000160,BPX BETS SPORTS GROUP LTDA,BETPIX365,betpix365.bet.br,"SPA/MF nº 797, de 23 de março de 2026",0059/2024,True
55590815000160,BPX BETS SPORTS GROUP LTDA,OBABET,obabet.bet.br,"SPA/MF nº 797, de 23 de março de 2026",0059/2024,True
60828451000143,NOSSO TIME IGAMING LTDA,JOGA JUNTO,jogajunto.bet.br,"SPA/MF nº 604, de 6 de março de 2026",0062/2025,True
57522731000114,BB GAMING LTDA,BRA,bra.bet.br,"SPA/MF nº 92, de 13 de janeiro de 2026",0210/2024,True
57522731000114,BB GAMING LTDA,XX,xx.bet.br,"SPA/MF nº 92, de 13 de janeiro de 2026",0210/2024,True
56108627000115,ESTADOX LTDA,TROPINO,tropino.bet.br,"SPA/MF nº 2.325, de 14 de outubro de 2025",0091/2024,True
56108627000115,ESTADOX LTDA,BZ,bz.bet.br,"SPA/MF nº 2.325, de 14 de outubro de 2025",0091/2024,True
56108627000115,ESTADOX LTDA,55W,55w.bet.br,"SPA/MF nº 2.325, de 14 de outubro de 2025",0091/2024,True
55459453000172,OIG GAMING BRAZIL LTDA,ICE,ice.bet.br,"SPA/MF nº 2.040, de 11 de setembro de 2025",0044/2025,True
53429401000128,ENSEADA SERVIÇOS E TECNOLOGIA LTDA,KBET,kbet.bet.br,"SPA/MF nº 1.792, de 13 de agosto de 2025",0058/2024,True
50920462000103,LAGUNA SERVIÇOS E TECNOLOGIA LTDA,NOSSABET,nossa.bet.br,"SPA/MF nº 1.791, de 13 de agosto de 2025",0087/2024,True
47974569000111,DEFY LTDA,1XBET,1xbet.bet.br,"SPA/MF nº 1.666, de 29 de julho de 2025",0104/2024,True
24038490000183,CAIXA LOTERIAS S.A.,BETCAIXA,betcaixa.bet.br,"SPA/MF nº 1.665, de 29 de julho de 2025",0081/2024,True
24038490000183,CAIXA LOTERIAS S.A.,MEGABET,megabet.bet.br,"SPA/MF nº 1.665, de 29 de julho de 2025",0081/2024,True
24038490000183,CAIXA LOTERIAS S.A.,XBET CAIXA,xbetcaixa.bet.br,"SPA/MF nº 1.665, de 29 de julho de 2025",0081/2024,True
55238676000100,TQJ-PAR PARTICIPAÇÕES SOCIETÁRIAS S.A.,BAÚ BINGO,bau.bet.br,"SPA/MF nº 1.344, de 18 de junho de 2025",0055/2024,True
55238676000100,TQJ-PAR PARTICIPAÇÕES SOCIETÁRIAS S.A.,BET DO MILHÃO,milhao.bet.br,"SPA/MF nº 1.344, de 18 de junho de 2025",0055/2024,True
56905647000117,RESPONSA GAMMING BRASIL LIMITADA,JOGA LIMPO,jogalimpo.bet.br,"SPA/MF nº 1.343, de 18 de junho de 2025",0083/2024,True
56905647000117,RESPONSA GAMMING BRASIL LIMITADA,ENERGIA,energia.bet.br,"SPA/MF nº 1.343, de 18 de junho de 2025",0083/2024,True
56875122000186,SELECT OPERATIONS LTDA,MMA,mmabet.bet.br,"SPA/MF nº 1.112, de 21 de maio de 2025",0062/2024,True
56875122000186,SELECT OPERATIONS LTDA,BETVIP,betvip.bet.br,"SPA/MF nº 1.112, de 21 de maio de 2025",0062/2024,True
56875122000186,SELECT OPERATIONS LTDA,PAPIGAMES,papigames.bet.br,"SPA/MF nº 1.112, de 21 de maio de 2025",0062/2024,True
56257966000163,SPORTVIP GROUP INTERNATIONAL APOSTAS LTDA,ESPORTIVAVIP,esportivavip.bet.br,"SPA/MF nº 1.055, de 14 de maio de 2025",0065/2024,True
56257966000163,SPORTVIP GROUP INTERNATIONAL APOSTAS LTDA,CBESPORTES,cbesportes.bet.br,"SPA/MF nº 1.055, de 14 de maio de 2025",0065/2024,True
56257966000163,SPORTVIP GROUP INTERNATIONAL APOSTAS LTDA,DONOSDABOLA,donosdabola.bet.br,"SPA/MF nº 1.055, de 14 de maio de 2025",0065/2024,True
56442917000109,7MBR LTDA,VERT,vert.bet.br,"SPA/MF nº 844, de 17 de abril de 2025",0056/2024,True
56442917000109,7MBR LTDA,CGG,cgg.bet.br,"SPA/MF nº 844, de 17 de abril de 2025",0056/2024,True
56442917000109,7MBR LTDA,FANBIT,fanbit.bet.br,"SPA/MF nº 844, de 17 de abril de 2025",0056/2024,True
40633348000130,PIXBET SOLUÇÕES TECNOLÓGICAS LTDA.,PIXBET,pix.bet.br,"SPA/MF nº 806, de 14 de abril de 2025",0042/2024,True
40633348000130,PIXBET SOLUÇÕES TECNOLÓGICAS LTDA.,GANHEIBET,ganhei.bet.br,"SPA/MF nº 806, de 14 de abril de 2025",0042/2024,True
40633348000130,PIXBET SOLUÇÕES TECNOLÓGICAS LTDA.,BET DA SORTE,betdasorte.bet.br,"SPA/MF nº 806, de 14 de abril de 2025",0042/2024,True
56885537000130,VANGUARD ENTRETENIMENTO BRASIL LTDA,ESPORTE 365,esporte365.bet.br,"SPA/MF nº 693, de 1º de abril de 2025",0092/2024,True
56885537000130,VANGUARD ENTRETENIMENTO BRASIL LTDA,BET AKI,betaki.bet.br,"SPA/MF nº 693, de 1º de abril de 2025",0092/2024,True
56885537000130,VANGUARD ENTRETENIMENTO BRASIL LTDA,JOGO DE OURO,jogodeouro.bet.br,"SPA/MF nº 693, de 1º de abril de 2025",0092/2024,True
06023798000173,SISTEMA LOTÉRICO DE PERNAMBUCO LTDA.,MCGAMES,mcgames.bet.br,"SPA/MF nº 528, de 14 de março de 2025",0109/2024,True
06023798000173,SISTEMA LOTÉRICO DE PERNAMBUCO LTDA.,PLAY,play.bet.br,"SPA/MF nº 528, de 14 de março de 2025",0109/2024,True
06023798000173,SISTEMA LOTÉRICO DE PERNAMBUCO LTDA.,MONTECARLOS,montecarlos.bet.br,"SPA/MF nº 528, de 14 de março de 2025",0109/2024,True
56441713000145,LBBR APOSTAS DE QUOTA FIXA LIMITADA,LUCK.BET,luck.bet.br,"SPA/MF nº 527, de 14 de março de 2025",0090/2024,True
56441713000145,LBBR APOSTAS DE QUOTA FIXA LIMITADA,1 PRA 1,1pra1.bet.br,"SPA/MF nº 527, de 14 de março de 2025",0090/2024,True
56441713000145,LBBR APOSTAS DE QUOTA FIXA LIMITADA,STARTBET,start.bet.br,"SPA/MF nº 527, de 14 de março de 2025",0090/2024,True
56195600000107,MERIDIAN GAMING BRASIL SPE LTDA,MERIDIAN,meridianbet.bet.br,"SPA/MF nº 526, de 14 de março de 2025",0086/2024,True
56195600000107,MERIDIAN GAMING BRASIL SPE LTDA,PIN,pin.bet.br,"SPA/MF nº 526, de 14 de março de 2025",0086/2024,True
23159703000162,RR PARTICIPAÇÕES E INTERMEDIAÇÕES DE NEGÓCIOS LTDA,MULTIBET,multi.bet.br,"SPA/MF nº 525, de 14 de março de 2025",0077/2024,True
23159703000162,RR PARTICIPAÇÕES E INTERMEDIAÇÕES DE NEGÓCIOS LTDA,RICOBET,rico.bet.br,"SPA/MF nº 525, de 14 de março de 2025",0077/2024,True
23159703000162,RR PARTICIPAÇÕES E INTERMEDIAÇÕES DE NEGÓCIOS LTDA,BRXBET,brx.bet.br,"SPA/MF nº 525, de 14 de março de 2025",0077/2024,True
55258645000110,PIX NA HORA,APOSTA1,aposta1.bet.br,"SPA/MF nº 524, de 14 de março de 2025",0072/2024,True
55258645000110,PIX NA HORA,APOSTAMAX,apostamax.bet.br,"SPA/MF nº 524, de 14 de março de 2025",0072/2024,True
55258645000110,PIX NA HORA,AVIÃOBET,aviao.bet.br,"SPA/MF nº 524, de 14 de março de 2025",0072/2024,True
53570592000143,EA ENTRETENIMENTO E ESPORTES S.A.,BATEU BET,bateu.bet.br,"SPA/MF nº 523, de 14 de março de 2025",0047/2024,True
53570592000143,EA ENTRETENIMENTO E ESPORTES S.A.,ESPORTIVA BET,esportiva.bet.br,"SPA/MF nº 523, de 14 de março de 2025",0047/2024,True
54362120000168,HILGARDO GAMING LTDA,A247,a247.bet.br,"SPA/MF nº 475, de 10 de março de 2025",0106/2024,True
54362120000168,HILGARDO GAMING LTDA,HILGARDO,,"SPA/MF nº 475, de 10 de março de 2025",0106/2024,False
54362120000168,HILGARDO GAMING LTDA,HILGARDO GAMING,,"SPA/MF nº 475, de 10 de março de 2025",0106/2024,False
55080231000144,VERSUS BRASIL LTDA,VERSUSBET,versus.bet.br,"SPA/MF nº 474, de 10 de março de 2025",0089/2024,True
55080231000144,VERSUS BRASIL LTDA,VS - VERSUS,,"SPA/MF nº 474, de 10 de março de 2025",0089/2024,False
55822818000181,WORLD SPORTS TECHNOLOGY DO BRASIL S.A.,BETCOPA,betcopa.bet.br,"SPA/MF nº 473, de 10 de março de 2025",0075/2024,True
55822818000181,WORLD SPORTS TECHNOLOGY DO BRASIL S.A.,BRASIL DA SORTE,brasildasorte.bet.br,"SPA/MF nº 473, de 10 de março de 2025",0075/2024,True
55822818000181,WORLD SPORTS TECHNOLOGY DO BRASIL S.A.,FYBET,fybet.bet.br,"SPA/MF nº 473, de 10 de março de 2025",0075/2024,True
56706644000154,B3T4 INTERNATIONAL GROUP LTDA,BET4,bet4.bet.br,"SPA/MF nº 472, de 10 de março de 2025",0063/2024,True
56706644000154,B3T4 INTERNATIONAL GROUP LTDA,APOSTA BET,aposta.bet.br,"SPA/MF nº 472, de 10 de março de 2025",0063/2024,True
56706644000154,B3T4 INTERNATIONAL GROUP LTDA,FAZ O BET,fazo.bet.br,"SPA/MF nº 472, de 10 de março de 2025",0063/2024,True
56431248000161,FOGGO ENTERTAINMENT LTDA,BLAZE,blaze.bet.br,"SPA/MF nº 471, de 10 de março de 2025",0053/2024,True
56431248000161,FOGGO ENTERTAINMENT LTDA,JONBET,jonbet.bet.br,"SPA/MF nº 471, de 10 de março de 2025",0053/2024,True
56706701000103,TRACK GAMING BRASIL LTDA,BETWARRIOR,betwarrior.bet.br,"SPA/MF nº 470, de 10 de março de 2025",0049/2024,True
56706701000103,TRACK GAMING BRASIL LTDA,DR. BINGO,drbingo.bet.br,"SPA/MF nº 470, de 10 de março de 2025",0049/2024,True
37456039000128,GORILLAS GROUP DO BRASIL LTDA,BET GORILLAS,betgorillas.bet.br,"SPA/MF nº 469, de 10 de março de 2025",0046/2024,True
37456039000128,GORILLAS GROUP DO BRASIL LTDA,BET BUFFALOS,betbuffalos.bet.br,"SPA/MF nº 469, de 10 de março de 2025",0046/2024,True
37456039000128,GORILLAS GROUP DO BRASIL LTDA,BET FALCONS,betfalcons.bet.br,"SPA/MF nº 469, de 10 de março de 2025",0046/2024,True
37486405000191,BLOW MARKETPLACE LTDA,BRAVO,bravo.bet.br,"SPA/MF nº 468, de 10 de março de 2025",0039/2024,True
37486405000191,BLOW MARKETPLACE LTDA,TRADICIONAL,tradicional.bet.br,"SPA/MF nº 468, de 10 de março de 2025",0039/2024,True
37486405000191,BLOW MARKETPLACE LTDA,APOSTATUDO,apostatudo.bet.br,"SPA/MF nº 468, de 10 de março de 2025",0039/2024,True
55980542000160,FAST GAMING S.A.,BETFAST,betfast.bet.br,"SPA/MF nº 467, de 10 de março de 2025",0031/2024,True
55980542000160,FAST GAMING S.A.,FAZ1BET,faz1.bet.br,"SPA/MF nº 467, de 10 de março de 2025",0031/2024,True
55980542000160,FAST GAMING S.A.,TIVOBET,tivo.bet.br,"SPA/MF nº 467, de 10 de março de 2025",0031/2024,True
55399607000188,FUTURAS APOSTAS LTDA,BRAZINO777,brazino777.bet.br,"SPA/MF nº 466, de 10 de março de 2025",0023/2024,True
56195099000189,GAMEWIZ BRASIL LTDA,IJOGO,ijogo.bet.br,"SPA/MF nº 465, de 10 de março de 2025",0020/2024,True
56195099000189,GAMEWIZ BRASIL LTDA,FOGO777,fogo777.bet.br,"SPA/MF nº 465, de 10 de março de 2025",0020/2024,True
56195099000189,GAMEWIZ BRASIL LTDA,P9,p9.bet.br,"SPA/MF nº 465, de 10 de março de 2025",0020/2024,True
56195099000189,GAMEWIZ BRASIL LTDA,9F,9f.bet.br,"SPA/MF nº 464, de 10 de março de 2025",0019/2024,True
56195099000189,GAMEWIZ BRASIL LTDA,6R,6r.bet.br,"SPA/MF nº 464, de 10 de março de 2025",0019/2024,True
56195099000189,GAMEWIZ BRASIL LTDA,BET.APP,betapp.bet.br,"SPA/MF nº 464, de 10 de março de 2025",0019/2024,True
04426418000116,SABIA ADMINISTRACAO LTDA,BR4BET,br4.bet.br,"SPA/MF nº 399, de 24 de fevereiro de 2025",0066/2024,True
04426418000116,SABIA ADMINISTRACAO LTDA,GOL DE BET,goldebet.bet.br,"SPA/MF nº 399, de 24 de fevereiro de 2025",0066/2024,True
04426418000116,SABIA ADMINISTRACAO LTDA,LOTOGREEN,lotogreen.bet.br,"SPA/MF nº 399, de 24 de fevereiro de 2025",0066/2024,True
55927219000122,SKILL ON NET LTDA,BACANAPLAY,bacanaplay.bet.br,"SPA/MF nº 374, de 24 de fevereiro de 2025",0074/2024,True
55927219000122,SKILL ON NET LTDA,PLAYUZU,playuzu.bet.br,"SPA/MF nº 374, de 24 de fevereiro de 2025",0074/2024,True
55881028000177,BETBR LOTERIAS LTDA,APOSTOU,apostou.bet.br,"SPA/MF nº 373, de 24 de fevereiro de 2025",0045/2024,True
55881028000177,BETBR LOTERIAS LTDA,B1 BET,b1bet.bet.br,"SPA/MF nº 373, de 24 de fevereiro de 2025",0045/2024,True
55881028000177,BETBR LOTERIAS LTDA,BRBET,brbet.bet.br,"SPA/MF nº 373, de 24 de fevereiro de 2025",0045/2024,True
56197912000150,UX ENTERTAINMENT LTDA,REALS,reals.bet.br,"SPA/MF nº 372, de 24 de fevereiro de 2025",0013/2024,True
56197912000150,UX ENTERTAINMENT LTDA,BINGO,bingo.bet.br,"SPA/MF nº 372, de 24 de fevereiro de 2025",0013/2024,True
56197912000150,UX ENTERTAINMENT LTDA,BETGO,betgo.bet.br,"SPA/MF nº 372, de 24 de fevereiro de 2025",0013/2024,True
17385948000105,SIMULCASTING BRASIL SOM E IMAGEM S.A.,BETSSON,betsson.bet.br,"SPA/MF nº 371, de 24 de fevereiro de 2025",0008/2024,True
41590869000110,BIG BRAZIL TECNOLOGIA E LOTERIA S.A.,BIG,big.bet.br,"SPA/MF nº 370, de 24 de fevereiro de 2025",0005/2024,True
53274124000121,OPEN GAMING S.A.,BET.BET,betpontobet.bet.br,"SPA/MF nº 326, de 17 fevereiro de 2025",0103/2024,True
53274124000121,OPEN GAMING S.A.,DONALDBET,donald.bet.br,"SPA/MF nº 326, de 17 fevereiro de 2025",0103/2024,True
56504413000168,SEVENX GAMING LTDA,BULLSBET,bullsbet.bet.br,"SPA/MF nº 325, de  17 fevereiro de 2025",0097/2024,True
56504413000168,SEVENX GAMING LTDA,JOGÃO,jogao.bet.br,"SPA/MF nº 325, de  17 fevereiro de 2025",0097/2024,True
56504413000168,SEVENX GAMING LTDA,JOGOS,jogos.bet.br,"SPA/MF nº 325, de  17 fevereiro de 2025",0097/2024,True
56349116000195,LOGAME DO BRASIL LTDA,LÍDERBET,lider.bet.br,"SPA/MF nº 324, de  17 fevereiro de 2025",0096/2024,True
56349116000195,LOGAME DO BRASIL LTDA,GERALBET,geralbet.bet.br,"SPA/MF nº 324, de  17 fevereiro de 2025",0096/2024,True
56236761000100,UPBET BRASIL LTDA,UPBETBR,up.bet.br,"SPA/MF nº 323, de 17 de fevereiro de 2025",0057/2024,True
56236761000100,UPBET BRASIL LTDA,9D,9d.bet.br,"SPA/MF nº 323, de 17 de fevereiro de 2025",0057/2024,True
56236761000100,UPBET BRASIL LTDA,WJCASINO,wjcasino.bet.br,"SPA/MF nº 323, de 17 de fevereiro de 2025",0057/2024,True
55933850000134,ANA GAMING BRASIL S.A.,7K,7k.bet.br,"SPA/MF nº 322, de 17 de fevereiro de 2025",0054/2024,True
55933850000134,ANA GAMING BRASIL S.A.,CASSINO,cassino.bet.br,"SPA/MF nº 322, de 17 de fevereiro de 2025",0054/2024,True
55933850000134,ANA GAMING BRASIL S.A.,VERA,vera.bet.br,"SPA/MF nº 322, de 17 de fevereiro de 2025",0054/2024,True
55404799000173,HIPER BET TECNOLOGIA LTDA.,HIPERBET,hiper.bet.br,"SPA/MF nº 321, de 17 de fevereiro de 2025",0016/2024,True
52639845000125,EB INTERMEDIACOES E JOGOS S.A.,ESTRELABET,estrelabet.bet.br,"SPA/MF nº 320, de 17 de fevereiro de 2025",0012/2024,True
52639845000125,EB INTERMEDIACOES E JOGOS S.A.,VUPI,vupi.bet.br,"SPA/MF nº 320, de 17 de fevereiro de 2025",0012/2024,True
51897834000182,F12 DO BRASIL JOGOS ELETRONICOS LTDA,F12.BET,f12.bet.br,"SPA/MF nº 319, de 17 de fevereiro de 2025",0010/2024,True
51897834000182,F12 DO BRASIL JOGOS ELETRONICOS LTDA,LUVA.BET,luva.bet.br,"SPA/MF nº 319, de 17 de fevereiro de 2025",0010/2024,True
51897834000182,F12 DO BRASIL JOGOS ELETRONICOS LTDA,BRASIL.BET,brasil.bet.br,"SPA/MF nº 319, de 17 de fevereiro de 2025",0010/2024,True
56638458000125,BELL VENTURES DIGITAL LTDA,BANDBET,bandbet.bet.br,"SPA/MF nº 270, de 10 de fevereiro de 2025",0051/2024,True
55078134000117,NEXUS INTERNATIONAL LTDA,MEGAPOSTA,megaposta.bet.br,"SPA/MF nº 265, de 07 de fevereiro de 2025",0118/2024,True
56873267000148,OLAVIR LTDA,RIVALO,rivalo.bet.br,"SPA/MF nº 264, de 07 de fevereiro de 2025",0105/2024,True
56525936000190,STAKE BRAZIL LTDA,STAKE,stake.bet.br,"SPA/MF nº 263, de 07 de fevereiro de 2025",0079/2024,True
56302709000104,JOGO PRINCIPAL LTDA,GINGABET,ginga.bet.br,"SPA/MF nº 262, de 07 de fevereiro de 2025",0073/2024,True
56302709000104,JOGO PRINCIPAL LTDA,QGBET,qg.bet.br,"SPA/MF nº 262, de 07 de fevereiro de 2025",0073/2024,True
56302709000104,JOGO PRINCIPAL LTDA,VIVASORTE,vivasorte.bet.br,"SPA/MF nº 262, de 07 de fevereiro de 2025",0073/2024,True
56259060000188,BRILLIANT GAMING LTDA,AFUN,afun.bet.br,"SPA/MF nº 261, de 07 de fevereiro de 2025",0052/2024,True
56259060000188,BRILLIANT GAMING LTDA,AI,ai.bet.br,"SPA/MF nº 261, de 07 de fevereiro de 2025",0052/2024,True
56259060000188,BRILLIANT GAMING LTDA,6Z,6z.bet.br,"SPA/MF nº 261, de 07 de fevereiro de 2025",0052/2024,True
54989030000100,SORTENABET GAMING BRASIL S.A.,SORTENABET,sortenabet.bet.br,"SPA/MF nº 260, de 07 de fevereiro de 2025",0050/2024,True
54989030000100,SORTENABET GAMING BRASIL S.A.,BETOU,betou.bet.br,"SPA/MF nº 260, de 07 de fevereiro de 2025",0050/2024,True
54989030000100,SORTENABET GAMING BRASIL S.A.,BETFUSION,betfusion.bet.br,"SPA/MF nº 260, de 07 de fevereiro de 2025",0050/2024,True
55045663000114,LEVANTE BRASIL LTDA,SORTE ONLINE,sorteonline.bet.br,"SPA/MF nº 259, de 07 de fevereiro de 2025",0040/2024,True
55045663000114,LEVANTE BRASIL LTDA,LOTTOLAND,lottoland.bet.br,"SPA/MF nº 259, de 07 de fevereiro de 2025",0040/2024,True
56061524000147,BETSPEED LTDA,TIGER.BET,tiger.bet.br,"SPA/MF nº 258, de 07 de fevereiro de 2025",0037/2024,True
56061524000147,BETSPEED LTDA,PQ777,pq777.bet.br,"SPA/MF nº 258, de 07 de fevereiro de 2025",0037/2024,True
56061524000147,BETSPEED LTDA,5G,5g.bet.br,"SPA/MF nº 258, de 07 de fevereiro de 2025",0037/2024,True
56295104000125,BETESPORTE APOSTAS ON LINE LTDA,BETESPORTE,betesporte.bet.br,"SPA/MF nº 257, de 07 de fevereiro de 2025",0033/2024,True
56295104000125,BETESPORTE APOSTAS ON LINE LTDA,LANCE DE SORTE,lancedesorte.bet.br,"SPA/MF nº 257, de 07 de fevereiro de 2025",0033/2024,True
56183358000151,SUPREMA BET LTDA,SUPREMABET,suprema.bet.br,"SPA/MF nº 256, de 07 de fevereiro de 2025",0032/2024,True
56183358000151,SUPREMA BET LTDA,MAXIMABET,maxima.bet.br,"SPA/MF nº 256, de 07 de fevereiro de 2025",0032/2024,True
56183358000151,SUPREMA BET LTDA,ULTRABET,ultra.bet.br,"SPA/MF nº 256, de 07 de fevereiro de 2025",0032/2024,True
56636543000154,CDA GAMING LTDA,CASA DE APOSTAS,casadeapostas.bet.br,"SPA/MF nº 255, de 07 de fevereiro de 2025",0029/2024,True
56636543000154,CDA GAMING LTDA,BET SUL,betsul.bet.br,"SPA/MF nº 255, de 07 de fevereiro de 2025",0029/2024,True
56636543000154,CDA GAMING LTDA,JOGO ONLINE,jogoonline.bet.br,"SPA/MF nº 255, de 07 de fevereiro de 2025",0029/2024,True
54068631000171,SC OPERATING BRAZIL LTDA,VBET,vbet.bet.br,"SPA/MF nº 254, de 07 de fevereiro de 2025",0028/2024,True
54068631000171,SC OPERATING BRAZIL LTDA,VIVARO,vivaro.bet.br,"SPA/MF nº 254, de 07 de fevereiro de 2025",0028/2024,True
56303755000110,H2 LICENSED LTDA,SEUBET,seu.bet.br,"SPA/MF nº 253, de 07 de fevereiro de 2025",0027/2024,True
56303755000110,H2 LICENSED LTDA,H2 BET,h2.bet.br,"SPA/MF nº 253, de 07 de fevereiro de 2025",0027/2024,True
56212040000151,LUCKY GAMING LTDA,4WIN,4win.bet.br,"SPA/MF nº 252, de 07 de fevereiro de 2025",0025/2024,True
56212040000151,LUCKY GAMING LTDA,4PLAY,4play.bet.br,"SPA/MF nº 252, de 07 de fevereiro de 2025",0025/2024,True
56212040000151,LUCKY GAMING LTDA,PAGOL,pagol.bet.br,"SPA/MF nº 252, de 07 de fevereiro de 2025",0025/2024,True
56001749000108,APOSTA GANHA LOTERIAS LTDA,APOSTA GANHA,apostaganha.bet.br,"SPA/MF nº 251, de 07 de fevereiro de 2025",0022/2024,True
56001749000108,APOSTA GANHA LOTERIAS LTDA,RECEBA,receba.bet.br,"SPA/MF nº 251, de 07 de fevereiro de 2025",0022/2024,True
47123407000170,HS DO BRASIL LTDA,BET365,bet365.bet.br,"SPA/MF nº 250, de 07 de fevereiro de 2025",0021/2024,True
50587712000127,NVBT GAMING LTDA,NOVIBET,novibet.bet.br,"SPA/MF nº 249, de 07 fevereiro de 2025",0017/2024,True
55229080000143,NSX BETFAIR BRASIL S.A,BETFAIR,betfair.bet.br,"SPA/MF nº 248, de 07 de fevereiro de 2025",0014/2024,True
52868380000184,VENTMEAR BRASIL S.A.,SPORTINGBET,sportingbet.bet.br,"SPA/MF nº 247, de 07 de fevereiro de 2025",0004/2024,True
52868380000184,VENTMEAR BRASIL S.A.,BETBOO,betboo.bet.br,"SPA/MF nº 247, de 07 de fevereiro de 2025",0004/2024,True
46786961000174,KAIZEN GAMING BRASIL LTDA,BETANO,betano.bet.br,"SPA/MF nº 246, de 07 de fevereiro de 2025",0001/2024,True
56075466000100,ESPORTES GAMING BRASIL LTDA,ESPORTES DA SORTE,esportesdasorte.bet.br,"SPA/MF nº 136, de 22 de janeiro de 2025",0030/2024,True
56075466000100,ESPORTES GAMING BRASIL LTDA,ONABET,ona.bet.br,"SPA/MF nº 136, de 22 de janeiro de 2025",0030/2024,True
56075466000100,ESPORTES GAMING BRASIL LTDA,LOTTU,lottu.bet.br,"SPA/MF nº 136, de 22 de janeiro de 2025",0030/2024,True
50550511000155,LINDAU GAMING BRASIL S.A.,OLEYBET,oleybet.bet.br,"SPA/MF nº 2.105, de 30 de dezembro de 2024",0085/2024,True
54951974000180,BETBOOM LTDA,BETBOOM,betboom.bet.br,"SPA/MF nº 2.103, de 30 de dezembro de 2024",0069/2024,True
54951974000180,BETBOOM LTDA,FREE,free.bet.br,"SPA/MF nº 2.103, de 30 de dezembro de 2024",0069/2024,True
56147145000174,A2FBR S.A.,PINNACLE,pinnacle.bet.br,"SPA/MF nº 2.102, de 30 de dezembro de 2024",0067/2024,True
56147145000174,A2FBR S.A.,MATCHBOOK,matchbook.bet.br,"SPA/MF nº 2.102, de 30 de dezembro de 2024",0067/2024,True
56147145000174,A2FBR S.A.,BETESPECIAL,betespecial.bet.br,"SPA/MF nº 2.102, de 30 de dezembro de 2024",0067/2024,True
56147145000174,A2FBR S.A.,BOLSA DE APOSTA,bolsadeaposta.bet.br,"SPA/MF nº 2.101, de 30 de dezembro de 2024",0067/2024,True
56147145000174,A2FBR S.A.,FULLTBET,fulltbet.bet.br,"SPA/MF nº 2.101, de 30 de dezembro de 2024",0067/2024,True
56147145000174,A2FBR S.A.,BETBRA,betbra.bet.br,"SPA/MF nº 2.101, de 30 de dezembro de 2024",0067/2024,True
55359927000104,ALFA ENTRETENIMENTO S.A.,ALFA.BET,alfa.bet.br,"SPA/MF nº 2.100, de 30 de dezembro de 2024",0060/2024,True
56060798000111,DIGIPLUS BRAZIL INTERACTIVE LTDA,ARENAPLUS,arenaplus.bet.br,"SPA/MF nº 2.099, de 30 de dezembro de 2024",0041/2024,True
53837227000152,BOA LION S.A.,BETMGM,betmgm.bet.br,"SPA/MF nº 2.098, de 30 de dezembro de 2024",0036/2024,True
53837227000152,BOA LION S.A.,MGM,mgm.bet.br,"SPA/MF nº 2.098, de 30 de dezembro de 2024",0036/2024,True
56268974000105,SEGURO BET LTDA,SEGURO BET,seguro.bet.br,"SPA/MF nº 2.097, de 30 de dezembro de 2024",0018/2024,True
56268974000105,SEGURO BET LTDA,KING PANDA,kingpanda.bet.br,"SPA/MF nº 2.097, de 30 de dezembro de 2024",0018/2024,True
55459453000172,OIG GAMING BRAZIL LTDA,7GAMES,7games.bet.br,"SPA/MF nº 2.096, de 30 de dezembro de 2024",0015/2024,True
55459453000172,OIG GAMING BRAZIL LTDA,BETÃO,betao.bet.br,"SPA/MF nº 2.096, de 30 de dezembro de 2024",0015/2024,True
55459453000172,OIG GAMING BRAZIL LTDA,R7,r7.bet.br,"SPA/MF nº 2.096, de 30 de dezembro de 2024",0015/2024,True
55988317000170,BLAC JOGOS LTDA,SPORTYBET,sporty.bet.br,"SPA/MF nº 2.095, de 30 de dezembro de 2024",0011/2024,True
31853299000150,GALERA GAMING JOGOS ELETRONICOS S.A.,GALERA.BET,galera.bet.br,"SPA/MF nº 2.094, de 30 de dezembro de 2024",0009/2024,True
54923003000126,APOLLO OPERATIONS LTDA,KTO,kto.bet.br,"SPA/MF nº 2.093, de 30 de dezembro de 2024",0007/2024,True
55056104000100,NSX BRASIL S.A.,BETNACIONAL,betnacional.bet.br,"SPA/MF nº 2.092, de 30 de dezembro de 2024",0006/2024,True
34935286000119,"MMD TECNOLOGIA, ENTRETENIMENTO E MARKETING LTDA",REI DO PITACO,reidopitaco.bet.br,"SPA/MF nº 2.091, de 30 de dezembro 2024",0003/2024,True
34935286000119,"MMD TECNOLOGIA, ENTRETENIMENTO E MARKETING LTDA",PITACO,pitaco.bet.br,"SPA/MF nº 2.091, de 30 de dezembro 2024",0003/2024,True
34935286000119,"MMD TECNOLOGIA, ENTRETENIMENTO E MARKETING LTDA",RdP,rdp.bet.br,"SPA/MF nº 2.091, de 30 de dezembro 2024",0003/2024,True
54071596000140,SPRBT INTERACTIVE BRASIL LTDA,SUPERBET,superbet.bet.br,"SPA/MF nº 2.090, de 30 de dezembro de 2024",0002/2024,True
54071596000140,SPRBT INTERACTIVE BRASIL LTDA,MAGICJACKPOT,magicjackpot.bet.br,"SPA/MF nº 2.090, de 30 de dezembro de 2024",0002/2024,True
54071596000140,SPRBT INTERACTIVE BRASIL LTDA,SUPER,super.bet.br,"SPA/MF nº 2.090, de 30 de dezembro de 2024",0002/2024,True
