cnpj,cnpj_basico,empresa,n_autorizacoes,cnpj_dv_ok,portarias,n_marcas,marcas,DENOMINAÇÃO SOCIAL DA EMPRESA,CNPJ,MARCAS,DOMÍNIOS,INFORMAÇÕES JUDICIAIS
55590815000160,55590815,BPX BETS SPORTS GROUP LTDA,3,True,"SPA/MF nº 797, de 23 de março de 2026",3,VAIDEBET | BETPIX365 | OBABET,,,,,
60828451000143,60828451,NOSSO TIME IGAMING LTDA,1,True,"SPA/MF nº 604, de 6 de março de 2026",1,JOGA JUNTO,,,,,
57522731000114,57522731,BB GAMING LTDA,2,True,"SPA/MF nº 92, de 13 de janeiro de 2026",2,BRA | XX,,,,,
56108627000115,56108627,ESTADOX LTDA,3,True,"SPA/MF nº 2.325, de 14 de outubro de 2025",3,TROPINO | BZ | 55W,,,,,
55459453000172,55459453,OIG GAMING BRAZIL LTDA,4,True,"SPA/MF nº 2.040, de 11 de setembro de 2025 || SPA/MF nº 2.096, de 30 de dezembro de 2024",4,ICE | 7GAMES | BETÃO | R7,,,,,
53429401000128,53429401,ENSEADA SERVIÇOS E TECNOLOGIA LTDA,1,True,"SPA/MF nº 1.792, de 13 de agosto de 2025",1,KBET,,,,,
50920462000103,50920462,LAGUNA SERVIÇOS E TECNOLOGIA LTDA,1,True,"SPA/MF nº 1.791, de 13 de agosto de 2025",1,NOSSABET,,,,,
47974569000111,47974569,DEFY LTDA,1,True,"SPA/MF nº 1.666, de 29 de julho de 2025",1,1XBET,,,,,
24038490000183,24038490,CAIXA LOTERIAS S.A.,3,True,"SPA/MF nº 1.665, de 29 de julho de 2025",3,BETCAIXA | MEGABET | XBET CAIXA,,,,,
55238676000100,55238676,TQJ-PAR PARTICIPAÇÕES SOCIETÁRIAS S.A.,2,True,"SPA/MF nº 1.344, de 18 de junho de 2025",2,BAÚ BINGO | BET DO MILHÃO,,,,,
56905647000117,56905647,RESPONSA GAMMING BRASIL LIMITADA,2,True,"SPA/MF nº 1.343, de 18 de junho de 2025",2,JOGA LIMPO | ENERGIA,,,,,
56875122000186,56875122,SELECT OPERATIONS LTDA,3,True,"SPA/MF nº 1.112, de 21 de maio de 2025",3,MMA | BETVIP | PAPIGAMES,,,,,
56257966000163,56257966,SPORTVIP GROUP INTERNATIONAL APOSTAS LTDA,3,True,"SPA/MF nº 1.055, de 14 de maio de 2025",3,ESPORTIVAVIP | CBESPORTES | DONOSDABOLA,,,,,
56442917000109,56442917,7MBR LTDA,3,True,"SPA/MF nº 844, de 17 de abril de 2025",3,VERT | CGG | FANBIT,,,,,
40633348000130,40633348,PIXBET SOLUÇÕES TECNOLÓGICAS LTDA.,3,True,"SPA/MF nº 806, de 14 de abril de 2025",3,PIXBET | GANHEIBET | BET DA SORTE,,,,,
56885537000130,56885537,VANGUARD ENTRETENIMENTO BRASIL LTDA,3,True,"SPA/MF nº 693, de 1º de abril de 2025",3,ESPORTE 365 | BET AKI | JOGO DE OURO,,,,,
06023798000173,06023798,SISTEMA LOTÉRICO DE PERNAMBUCO LTDA.,3,True,"SPA/MF nº 528, de 14 de março de 2025",3,MCGAMES | PLAY | MONTECARLOS,,,,,
56441713000145,56441713,LBBR APOSTAS DE QUOTA FIXA LIMITADA,3,True,"SPA/MF nº 527, de 14 de março de 2025",3,LUCK.BET | 1 PRA 1 | STARTBET,,,,,
56195600000107,56195600,MERIDIAN GAMING BRASIL SPE LTDA,2,True,"SPA/MF nº 526, de 14 de março de 2025",2,MERIDIAN | PIN,,,,,
23159703000162,23159703,RR PARTICIPAÇÕES E INTERMEDIAÇÕES DE NEGÓCIOS LTDA,3,True,"SPA/MF nº 525, de 14 de março de 2025",3,MULTIBET | RICOBET | BRXBET,,,,,
55258645000110,55258645,PIX NA HORA,3,True,"SPA/MF nº 524, de 14 de março de 2025",3,APOSTA1 | APOSTAMAX | AVIÃOBET,,,,,
53570592000143,53570592,EA ENTRETENIMENTO E ESPORTES S.A.,2,True,"SPA/MF nº 523, de 14 de março de 2025",2,BATEU BET | ESPORTIVA BET,,,,,
54362120000168,54362120,HILGARDO GAMING LTDA,3,True,"SPA/MF nº 475, de 10 de março de 2025",3,A247 | HILGARDO | HILGARDO GAMING,,,,,
55080231000144,55080231,VERSUS BRASIL LTDA,2,True,"SPA/MF nº 474, de 10 de março de 2025",2,VERSUSBET | VS - VERSUS,,,,,
55822818000181,55822818,WORLD SPORTS TECHNOLOGY DO BRASIL S.A.,3,True,"SPA/MF nº 473, de 10 de março de 2025",3,BETCOPA | BRASIL DA SORTE | FYBET,,,,,
56706644000154,56706644,B3T4 INTERNATIONAL GROUP LTDA,3,True,"SPA/MF nº 472, de 10 de março de 2025",3,BET4 | APOSTA BET | FAZ O BET,,,,,
56431248000161,56431248,FOGGO ENTERTAINMENT LTDA,2,True,"SPA/MF nº 471, de 10 de março de 2025",2,BLAZE | JONBET,,,,,
56706701000103,56706701,TRACK GAMING BRASIL LTDA,2,True,"SPA/MF nº 470, de 10 de março de 2025",2,BETWARRIOR | DR. BINGO,,,,,
37456039000128,37456039,GORILLAS GROUP DO BRASIL LTDA,3,True,"SPA/MF nº 469, de 10 de março de 2025",3,BET GORILLAS | BET BUFFALOS | BET FALCONS,,,,,
37486405000191,37486405,BLOW MARKETPLACE LTDA,3,True,"SPA/MF nº 468, de 10 de março de 2025",3,BRAVO | TRADICIONAL | APOSTATUDO,,,,,
55980542000160,55980542,FAST GAMING S.A.,3,True,"SPA/MF nº 467, de 10 de março de 2025",3,BETFAST | FAZ1BET | TIVOBET,,,,,
55399607000188,55399607,FUTURAS APOSTAS LTDA,1,True,"SPA/MF nº 466, de 10 de março de 2025",1,BRAZINO777,,,,,
56195099000189,56195099,GAMEWIZ BRASIL LTDA,6,True,"SPA/MF nº 465, de 10 de março de 2025 || SPA/MF nº 464, de 10 de março de 2025",6,IJOGO | FOGO777 | P9 | 9F | 6R | BET.APP,,,,,
04426418000116,04426418,SABIA ADMINISTRACAO LTDA,3,True,"SPA/MF nº 399, de 24 de fevereiro de 2025",3,BR4BET | GOL DE BET | LOTOGREEN,,,,,
55927219000122,55927219,SKILL ON NET LTDA,2,True,"SPA/MF nº 374, de 24 de fevereiro de 2025",2,BACANAPLAY | PLAYUZU,,,,,
55881028000177,55881028,BETBR LOTERIAS LTDA,3,True,"SPA/MF nº 373, de 24 de fevereiro de 2025",3,APOSTOU | B1 BET | BRBET,,,,,
56197912000150,56197912,UX ENTERTAINMENT LTDA,3,True,"SPA/MF nº 372, de 24 de fevereiro de 2025",3,REALS | BINGO | BETGO,,,,,
17385948000105,17385948,SIMULCASTING BRASIL SOM E IMAGEM S.A.,1,True,"SPA/MF nº 371, de 24 de fevereiro de 2025",1,BETSSON,,,,,
41590869000110,41590869,BIG BRAZIL TECNOLOGIA E LOTERIA S.A.,1,True,"SPA/MF nº 370, de 24 de fevereiro de 2025",1,BIG,,,,,
53274124000121,53274124,OPEN GAMING S.A.,2,True,"SPA/MF nº 326, de 17 fevereiro de 2025",2,BET.BET | DONALDBET,,,,,
56504413000168,56504413,SEVENX GAMING LTDA,3,True,"SPA/MF nº 325, de  17 fevereiro de 2025",3,BULLSBET | JOGÃO | JOGOS,,,,,
56349116000195,56349116,LOGAME DO BRASIL LTDA,2,True,"SPA/MF nº 324, de  17 fevereiro de 2025",2,LÍDERBET | GERALBET,,,,,
56236761000100,56236761,UPBET BRASIL LTDA,3,True,"SPA/MF nº 323, de 17 de fevereiro de 2025",3,UPBETBR | 9D | WJCASINO,,,,,
55933850000134,55933850,ANA GAMING BRASIL S.A.,3,True,"SPA/MF nº 322, de 17 de fevereiro de 2025",3,7K | CASSINO | VERA,,,,,
55404799000173,55404799,HIPER BET TECNOLOGIA LTDA.,1,True,"SPA/MF nº 321, de 17 de fevereiro de 2025",1,HIPERBET,,,,,
52639845000125,52639845,EB INTERMEDIACOES E JOGOS S.A.,2,True,"SPA/MF nº 320, de 17 de fevereiro de 2025",2,ESTRELABET | VUPI,,,,,
51897834000182,51897834,F12 DO BRASIL JOGOS ELETRONICOS LTDA,3,True,"SPA/MF nº 319, de 17 de fevereiro de 2025",3,F12.BET | LUVA.BET | BRASIL.BET,,,,,
56638458000125,56638458,BELL VENTURES DIGITAL LTDA,1,True,"SPA/MF nº 270, de 10 de fevereiro de 2025",1,BANDBET,,,,,
55078134000117,55078134,NEXUS INTERNATIONAL LTDA,1,True,"SPA/MF nº 265, de 07 de fevereiro de 2025",1,MEGAPOSTA,,,,,
56873267000148,56873267,OLAVIR LTDA,1,True,"SPA/MF nº 264, de 07 de fevereiro de 2025",1,RIVALO,,,,,
56525936000190,56525936,STAKE BRAZIL LTDA,1,True,"SPA/MF nº 263, de 07 de fevereiro de 2025",1,STAKE,,,,,
56302709000104,56302709,JOGO PRINCIPAL LTDA,3,True,"SPA/MF nº 262, de 07 de fevereiro de 2025",3,GINGABET | QGBET | VIVASORTE,,,,,
56259060000188,56259060,BRILLIANT GAMING LTDA,3,True,"SPA/MF nº 261, de 07 de fevereiro de 2025",3,AFUN | AI | 6Z,,,,,
54989030000100,54989030,SORTENABET GAMING BRASIL S.A.,3,True,"SPA/MF nº 260, de 07 de fevereiro de 2025",3,SORTENABET | BETOU | BETFUSION,,,,,
55045663000114,55045663,LEVANTE BRASIL LTDA,2,True,"SPA/MF nº 259, de 07 de fevereiro de 2025",2,SORTE ONLINE | LOTTOLAND,,,,,
56061524000147,56061524,BETSPEED LTDA,3,True,"SPA/MF nº 258, de 07 de fevereiro de 2025",3,TIGER.BET | PQ777 | 5G,,,,,
56295104000125,56295104,BETESPORTE APOSTAS ON LINE LTDA,2,True,"SPA/MF nº 257, de 07 de fevereiro de 2025",2,BETESPORTE | LANCE DE SORTE,,,,,
56183358000151,56183358,SUPREMA BET LTDA,3,True,"SPA/MF nº 256, de 07 de fevereiro de 2025",3,SUPREMABET | MAXIMABET | ULTRABET,,,,,
56636543000154,56636543,CDA GAMING LTDA,3,True,"SPA/MF nº 255, de 07 de fevereiro de 2025",3,CASA DE APOSTAS | BET SUL | JOGO ONLINE,,,,,
54068631000171,54068631,SC OPERATING BRAZIL LTDA,2,True,"SPA/MF nº 254, de 07 de fevereiro de 2025",2,VBET | VIVARO,,,,,
56303755000110,56303755,H2 LICENSED LTDA,2,True,"SPA/MF nº 253, de 07 de fevereiro de 2025",2,SEUBET | H2 BET,,,,,
56212040000151,56212040,LUCKY GAMING LTDA,3,True,"SPA/MF nº 252, de 07 de fevereiro de 2025",3,4WIN | 4PLAY | PAGOL,,,,,
56001749000108,56001749,APOSTA GANHA LOTERIAS LTDA,2,True,"SPA/MF nº 251, de 07 de fevereiro de 2025",2,APOSTA GANHA | RECEBA,,,,,
47123407000170,47123407,HS DO BRASIL LTDA,1,True,"SPA/MF nº 250, de 07 de fevereiro de 2025",1,BET365,,,,,
50587712000127,50587712,NVBT GAMING LTDA,1,True,"SPA/MF nº 249, de 07 fevereiro de 2025",1,NOVIBET,,,,,
55229080000143,55229080,NSX BETFAIR BRASIL S.A,1,True,"SPA/MF nº 248, de 07 de fevereiro de 2025",1,BETFAIR,,,,,
52868380000184,52868380,VENTMEAR BRASIL S.A.,2,True,"SPA/MF nº 247, de 07 de fevereiro de 2025",2,SPORTINGBET | BETBOO,,,,,
46786961000174,46786961,KAIZEN GAMING BRASIL LTDA,1,True,"SPA/MF nº 246, de 07 de fevereiro de 2025",1,BETANO,,,,,
56075466000100,56075466,ESPORTES GAMING BRASIL LTDA,3,True,"SPA/MF nº 136, de 22 de janeiro de 2025",3,ESPORTES DA SORTE | ONABET | LOTTU,,,,,
50550511000155,50550511,LINDAU GAMING BRASIL S.A.,1,True,"SPA/MF nº 2.105, de 30 de dezembro de 2024",1,OLEYBET,,,,,
54951974000180,54951974,BETBOOM LTDA,2,True,"SPA/MF nº 2.103, de 30 de dezembro de 2024",2,BETBOOM | FREE,,,,,
56147145000174,56147145,A2FBR S.A.,6,True,"SPA/MF nº 2.102, de 30 de dezembro de 2024 || SPA/MF nº 2.101, de 30 de dezembro de 2024",6,PINNACLE | MATCHBOOK | BETESPECIAL | BOLSA DE APOSTA | FULLTBET | BETBRA,,,,,
55359927000104,55359927,ALFA ENTRETENIMENTO S.A.,1,True,"SPA/MF nº 2.100, de 30 de dezembro de 2024",1,ALFA.BET,,,,,
56060798000111,56060798,DIGIPLUS BRAZIL INTERACTIVE LTDA,1,True,"SPA/MF nº 2.099, de 30 de dezembro de 2024",1,ARENAPLUS,,,,,
53837227000152,53837227,BOA LION S.A.,2,True,"SPA/MF nº 2.098, de 30 de dezembro de 2024",2,BETMGM | MGM,,,,,
56268974000105,56268974,SEGURO BET LTDA,2,True,"SPA/MF nº 2.097, de 30 de dezembro de 2024",2,SEGURO BET | KING PANDA,,,,,
55988317000170,55988317,BLAC JOGOS LTDA,1,True,"SPA/MF nº 2.095, de 30 de dezembro de 2024",1,SPORTYBET,,,,,
31853299000150,31853299,GALERA GAMING JOGOS ELETRONICOS S.A.,1,True,"SPA/MF nº 2.094, de 30 de dezembro de 2024",1,GALERA.BET,,,,,
54923003000126,54923003,APOLLO OPERATIONS LTDA,1,True,"SPA/MF nº 2.093, de 30 de dezembro de 2024",1,KTO,,,,,
55056104000100,55056104,NSX BRASIL S.A.,1,True,"SPA/MF nº 2.092, de 30 de dezembro de 2024",1,BETNACIONAL,,,,,
34935286000119,34935286,"MMD TECNOLOGIA, ENTRETENIMENTO E MARKETING LTDA",3,True,"SPA/MF nº 2.091, de 30 de dezembro 2024",3,REI DO PITACO | PITACO | RdP,,,,,
54071596000140,54071596,SPRBT INTERACTIVE BRASIL LTDA,3,True,"SPA/MF nº 2.090, de 30 de dezembro de 2024",3,SUPERBET | MAGICJACKPOT | SUPER,,,,,
