Empresas autorizadas a explorar a modalidade lotérica de aposta de quota fixa a partir de 1º de janeiro de 2025 em âmbito nacional, conforme o disposto nas Leis nº 13.756, de 12 de dezembro de 2018, nº 14.790, de 29 de dezembro de 2023, e na regulamentação do Ministério da Fazenda.;;;;;;;;;;;;;;
;PORTARIA DE AUTORIZAÇÃO;DENOMINAÇÃO SOCIAL DA EMPRESA;CNPJ;MARCAS;DOMÍNIOS;NÚMERO E ANO DO REQUERIMENTO;;;;;;;;
1;SPA/MF nº 797, de 23 de março de 2026;BPX BETS SPORTS GROUP LTDA;55.590.815/0001-60;VAIDEBET;vaidebet.bet.br; 0059/2024;;;;;;;;
;;;;BETPIX365;betpix365.bet.br;;;;;;;;;
;(Retificada em 26 de março de 2026);;;OBABET;obabet.bet.br;;;;;;;;;
2;SPA/MF nº 604, de 6 de março de 2026;NOSSO TIME IGAMING LTDA;60.828.451/0001-43;JOGA JUNTO;jogajunto.bet.br;0062/2025;;;;;;;;
3;SPA/MF nº 92, de 13 de janeiro de 2026;BB GAMING LTDA;57.522.731/0001-14;BRA;bra.bet.br;0210/2024;;;;;;;;
;(Alterada pela Portaria SPA/MF nº 1.166, de 28 de abril de 2026);;;XX;xx.bet.br;;;;;;;;;
4;SPA/MF nº 2.325, de 14 de outubro de 2025;ESTADOX LTDA;56.108.627/0001-15;TROPINO;tropino.bet.br;0091/2024;;;;;;;;
;;;;BZ;bz.bet.br;;;;;;;;;
;;;;55W;55w.bet.br;;;;;;;;;
5;SPA/MF nº 2.040, de 11 de setembro de 2025;OIG GAMING BRAZIL LTDA;55.459.453/0001-72;ICE;ice.bet.br;0044/2025;;;;;;;;
6;SPA/MF nº 1.792, de 13 de agosto de 2025;ENSEADA SERVIÇOS E TECNOLOGIA LTDA;53.429.401/0001-28;KBET;kbet.bet.br;0058/2024;;;;;;;;
7;SPA/MF nº 1.791, de 13 de agosto de 2025;LAGUNA SERVIÇOS E TECNOLOGIA LTDA;50.920.462/0001-03;NOSSABET;nossa.bet.br;0087/2024;;;;;;;;
8;SPA/MF nº 1.666, de 29 de julho de 2025;DEFY LTDA;47.974.569/0001-11;1XBET;1xbet.bet.br;0104/2024;;;;;;;;
9;SPA/MF nº 1.665, de 29 de julho de 2025;CAIXA LOTERIAS S.A.;24.038.490/0001-83;BETCAIXA;betcaixa.bet.br;0081/2024;;;;;;;;
;;;;MEGABET;megabet.bet.br;;;;;;;;;
;;;;XBET CAIXA;xbetcaixa.bet.br;;;;;;;;;
10;SPA/MF nº 1.344, de 18 de junho de 2025;TQJ-PAR PARTICIPAÇÕES SOCIETÁRIAS S.A.;55.238.676/0001-00;BAÚ BINGO;bau.bet.br;0055/2024;;;;;;;;
;(Alterada pela Portaria SPA/MF nº 2.149, de 23 de setembro de 2025);;;BET DO MILHÃO;milhao.bet.br;;;;;;;;;
11;SPA/MF nº 1.343, de 18 de junho de 2025;RESPONSA GAMMING BRASIL LIMITADA;56.905.647/0001-17;JOGA LIMPO;jogalimpo.bet.br;0083/2024;;;;;;;;
;;;;ENERGIA;energia.bet.br;;;;;;;;;
12;SPA/MF nº 1.112, de 21 de maio de 2025;SELECT OPERATIONS LTDA;56.875.122/0001-86;MMA;mmabet.bet.br;0062/2024;;;;;;;;
;;;;BETVIP;betvip.bet.br;;;;;;;;;
;;;;PAPIGAMES;papigames.bet.br;;;;;;;;;
13;SPA/MF nº 1.055, de 14 de maio de 2025;SPORTVIP GROUP INTERNATIONAL APOSTAS LTDA;56.257.966/0001-63;ESPORTIVAVIP;esportivavip.bet.br;0065/2024;;;;;;;;
;;;;CBESPORTES;cbesportes.bet.br;;;;;;;;;
;;;;DONOSDABOLA;donosdabola.bet.br;;;;;;;;;
14;SPA/MF nº 844, de 17 de abril de 2025;7MBR LTDA;56.442.917/0001-09;VERT;vert.bet.br         ;0056/2024;;;;;;;;
;(Alterada pela Portaria SPA/MF nº 975, de 06 de maio de 2025);;;CGG;cgg.bet.br          ;;;;;;;;;
;(E pela Portaria SPA/MF nº 1.176, de 29 de maio de 2025);;;FANBIT;fanbit.bet.br       ;;;;;;;;;
15;SPA/MF nº 806, de 14 de abril de 2025;PIXBET SOLUÇÕES TECNOLÓGICAS LTDA.;40.633.348/0001-30;PIXBET;pix.bet.br;0042/2024;;;;;;;;
;(Alterada pela Portaria SPA/MF nº 2.326, de 14 de outubro de 2025);;;GANHEIBET;ganhei.bet.br;;;;;;;;;
;;;;BET DA SORTE;betdasorte.bet.br;;;;;;;;;
16;SPA/MF nº 693, de 1º de abril de 2025;VANGUARD ENTRETENIMENTO BRASIL LTDA;56.885.537/0001-30; ESPORTE 365;esporte365.bet.br;0092/2024;;;;;;;;
;;;;BET AKI;betaki.bet.br;;;;;;;;;
;;;;JOGO DE OURO;jogodeouro.bet.br;;;;;;;;;
17;SPA/MF nº 528, de 14 de março de 2025;SISTEMA LOTÉRICO DE PERNAMBUCO LTDA.;06.023.798/0001-73;MCGAMES;mcgames.bet.br      ;0109/2024;;;;;;;;
;(Retificada em 26 de março de 2026);;;PLAY;play.bet.br   ;;;;;;;;;
;(Alterada pela Portaria SPA/MF nº 2.007, de 09 de setembro de 2025);;;MONTECARLOS;montecarlos.bet.br  ;;;;;;;;;
18;SPA/MF nº 527, de 14 de março de 2025 ;LBBR APOSTAS DE QUOTA FIXA LIMITADA;56.441.713/0001-45;LUCK.BET;luck.bet.br;0090/2024;;;;;;;;
;;;;1 PRA 1;1pra1.bet.br;;;;;;;;;
;;;;STARTBET;start.bet.br;;;;;;;;;
19;SPA/MF nº 526, de 14 de março de 2025;MERIDIAN GAMING BRASIL SPE LTDA;56.195.600/0001-07;MERIDIAN;meridianbet.bet.br  ;0086/2024;;;;;;;;
;(Alterada pela Portaria SPA/MF nº 1.203, de 02 de junho de 2025);;;PIN;pin.bet.br;;;;;;;;;
20;SPA/MF nº 525, de 14 de março de 2025;RR PARTICIPAÇÕES E INTERMEDIAÇÕES DE NEGÓCIOS LTDA;23.159.703/0001-62;MULTIBET;multi.bet.br;0077/2024;;;;;;;;
;;;;RICOBET;rico.bet.br;;;;;;;;;
;;;;BRXBET;brx.bet.br;;;;;;;;;
21;SPA/MF nº 524, de 14 de março de 2025;PIX NA HORA;55.258.645/0001-10;APOSTA1 ;aposta1.bet.br;0072/2024;;;;;;;;
; (Alterada pela Portaria SPA/MF nº 1.760, de 11 de agosto de 2025);;;APOSTAMAX;apostamax.bet.br;;;;;;;;;
;;;;AVIÃOBET;aviao.bet.br;;;;;;;;;
22;SPA/MF nº 523, de 14 de março de 2025;EA ENTRETENIMENTO E ESPORTES S.A.;53.570.592/0001-43;BATEU BET ;bateu.bet.br;0047/2024;;;;;;;;
;(Alterada pela Portaria SPA/MF nº 1.885, de 26 de agosto de 2025);;;ESPORTIVA BET;esportiva.bet.br;;;;;;;;;
;(E pela Portaria SPA/MF nº 2.449, de 29 de outubro de 2025);;;;;;;;;;;;;
23;SPA/MF nº 475, de 10 de março de 2025;HILGARDO GAMING LTDA;54.362.120/0001-68;A247;a247.bet.br;0106/2024;;;;;;;;
;;;;HILGARDO;a definir;;;;;;;;;
;;;;HILGARDO GAMING;a definir;;;;;;;;;
24;SPA/MF nº 474, de 10 de março de 2025;VERSUS BRASIL LTDA;55.080.231/0001-44;VERSUSBET ;versus.bet.br       ;0089/2024;;;;;;;;
;;;;VS - VERSUS;a definir;;;;;;;;;
25;SPA/MF nº 473, de 10 de março de 2025;WORLD SPORTS TECHNOLOGY DO BRASIL S.A.;55.822.818/0001-81;BETCOPA;betcopa.bet.br;0075/2024;;;;;;;;
;;;;BRASIL DA SORTE;brasildasorte.bet.br;;;;;;;;;
;;;;FYBET;fybet.bet.br;;;;;;;;;
26;SPA/MF nº 472, de 10 de março de 2025;B3T4 INTERNATIONAL GROUP LTDA;56.706.644/0001-54;BET4;bet4.bet.br;0063/2024;;;;;;;;
;;;;APOSTA BET;aposta.bet.br;;;;;;;;;
;;;; FAZ O BET;fazo.bet.br;;;;;;;;;
27;SPA/MF nº 471, de 10 de março de 2025;FOGGO ENTERTAINMENT LTDA;56.431.248/0001-61;BLAZE;blaze.bet.br;0053/2024;;;;;;;;
;;;;JONBET;jonbet.bet.br;;;;;;;;;
28;SPA/MF nº 470, de 10 de março de 2025;TRACK GAMING BRASIL LTDA;56.706.701/0001-03;BETWARRIOR;betwarrior.bet.br;0049/2024;;;;;;;;
;(Alterada pela Portaria SPA/MF nº 1.030, e 15 abril de 2026);;;DR. BINGO;drbingo.bet.br;;;;;;;;;
29;SPA/MF nº 469, de 10 de março de 2025;GORILLAS GROUP DO BRASIL LTDA;37.456.039/0001-28;BET GORILLAS;betgorillas.bet.br;0046/2024;;;;;;;;
;;;;BET BUFFALOS;betbuffalos.bet.br;;;;;;;;;
;;;;BET FALCONS;betfalcons.bet.br;;;;;;;;;
30;SPA/MF nº 468, de 10 de março de 2025;BLOW MARKETPLACE LTDA;37.486.405/0001-91;BRAVO;bravo.bet.br;0039/2024;;;;;;;;
;;;;TRADICIONAL;tradicional.bet.br;;;;;;;;;
;;;;APOSTATUDO;apostatudo.bet.br;;;;;;;;;
31;SPA/MF nº 467, de 10 de março de 2025;FAST GAMING S.A.;55.980.542/0001-60;BETFAST;betfast.bet.br      ;0031/2024;;;;;;;;
;;;;FAZ1BET;faz1.bet.br         ;;;;;;;;;
;;;;TIVOBET;tivo.bet.br         ;;;;;;;;;
32;SPA/MF nº 466, de 10 de março de 2025;FUTURAS APOSTAS LTDA; 55.399.607/0001-88;BRAZINO777;brazino777.bet.br ;0023/2024;;;;;;;;
33;SPA/MF nº 465, de 10 de março de 2025 ;GAMEWIZ BRASIL LTDA;56.195.099/0001-89;IJOGO;ijogo.bet.br;0020/2024;;;;;;;;
;;;;FOGO777;fogo777.bet.br;;;;;;;;;
;;;;P9;p9.bet.br;;;;;;;;;
34;SPA/MF nº 464, de 10 de março de 2025 ;GAMEWIZ BRASIL LTDA;56.195.099/0001-89;9F;9f.bet.br;0019/2024;;;;;;;;
;;;;6R;6r.bet.br;;;;;;;;;
;;;;BET.APP;betapp.bet.br;;;;;;;;;
35;SPA/MF nº 399, de 24 de fevereiro de 2025;SABIA ADMINISTRACAO LTDA;04.426.418/0001-16;BR4BET;br4.bet.br;0066/2024;;;;;;;;
;;;;GOL DE BET;goldebet.bet.br;;;;;;;;;
;;;;LOTOGREEN;lotogreen.bet.br;;;;;;;;;
36;SPA/MF nº 374, de 24 de fevereiro de 2025;SKILL ON NET LTDA;55.927.219/0001-22;BACANAPLAY ;bacanaplay.bet.br;0074/2024;;;;;;;;
;;;;PLAYUZU;playuzu.bet.br;;;;;;;;;
37;SPA/MF nº 373, de 24 de fevereiro de 2025;BETBR LOTERIAS LTDA;55.881.028/0001-77;APOSTOU;apostou.bet.br;0045/2024;;;;;;;;
;;;; B1 BET;b1bet.bet.br;;;;;;;;;
;;;;BRBET;brbet.bet.br;;;;;;;;;
38;SPA/MF nº 372, de 24 de fevereiro de 2025;UX ENTERTAINMENT LTDA;56.197.912/0001-50;REALS;reals.bet.br        ;0013/2024;;;;;;;;
;(Alterada pela Portaria SPA/MF nº 1.896, de 27 de agosto de 2025;;;BINGO;bingo.bet.br;;;;;;;;;
;(E pela Portaria SPA/MF nº 2.292, de 09 de outubro de 2025);;;BETGO;betgo.bet.br;;;;;;;;;
;(E pela Portaria SPA/MF nº 1.066, de 17 de abril de 2026);;;;;;;;;;;;;
39;SPA/MF nº 371, de 24 de fevereiro de 2025;SIMULCASTING BRASIL SOM E IMAGEM S.A.;17.385.948/0001-05;BETSSON;betsson.bet.br;0008/2024;;;;;;;;
40;SPA/MF nº 370, de 24 de fevereiro de 2025;BIG BRAZIL TECNOLOGIA E LOTERIA S.A.; 41.590.869/0001-10;BIG;big.bet.br;0005/2024;;;;;;;;
;(Alterada pela Portaria SPA/MF nº 479, de 10 de março de 2025;;;;;;;;;;;;;
; (E pela Portaria SPA/MF nº 755, de 08 de abril de 2025);;;"
APOSTAR";apostar.bet.br;;;;;;;;;
;(E pela Portaria SPA/MF nº 410, de 12 de fevereiro de 2026);;;;;;;;;;;;;
41;SPA/MF nº 326, de 17 fevereiro de 2025;OPEN GAMING S.A.;53.274.124/0001-21; BET.BET ;betpontobet.bet.br;0103/2024;;;;;;;;
;(Alterada pela Portaria SPA/MF nº 508, de 25 de fevereiro de 2026);;;DONALDBET;donald.bet.br;;;;;;;;;
42;SPA/MF nº 325, de  17 fevereiro de 2025;SEVENX GAMING LTDA;56.504.413/0001-68;BULLSBET;bullsbet.bet.br;0097/2024;;;;;;;;
;(Alterada pela Portaria SPA/MF nº 1.143, de 23 de maio de 2025);;;JOGÃO;jogao.bet.br;;;;;;;;;
;;;;JOGOS;jogos.bet.br;;;;;;;;;
43;SPA/MF nº 324, de  17 fevereiro de 2025;LOGAME DO BRASIL LTDA;56.349.116/0001-95;LÍDERBET;lider.bet.br        ;0096/2024;;;;;;;;
;(Alterada pela Portaria SPA/MF nº 931, de 1º de abril de 2026);;;GERALBET;geralbet.bet.br     ;;;;;;;;;
44;SPA/MF nº 323, de 17 de fevereiro de 2025;UPBET BRASIL LTDA;56.236.761/0001-00;UPBETBR;up.bet.br           ;0057/2024;;;;;;;;
;;;; 9D;9d.bet.br           ;;;;;;;;;
;;;;WJCASINO;wjcasino.bet.br     ;;;;;;;;;
45;SPA/MF nº 322, de 17 de fevereiro de 2025;ANA GAMING BRASIL S.A.;55.933.850/0001-34;7K;7k.bet.br;0054/2024;;;;;;;;
;(Alterada pela Portaria SPA/MF nº 1.056, de 14 de maio de 2025);;;CASSINO;cassino.bet.br;;;;;;;;;
;;;;VERA ;vera.bet.br;;;;;;;;;
46;SPA/MF nº 321, de 17 de fevereiro de 2025;HIPER BET TECNOLOGIA LTDA.;55.404.799/0001-73;HIPERBET;hiper.bet.br;0016/2024;;;;;;;;
47;SPA/MF nº 320, de 17 de fevereiro de 2025;EB INTERMEDIACOES E JOGOS S.A.;52.639.845/0001-25 ;ESTRELABET;estrelabet.bet.br;0012/2024;;;;;;;;
;(Alterada pela Portaria SPA/MF nº 1.762, de 11 de agosto de 2025);;;VUPI;vupi.bet.br;;;;;;;;;
48;SPA/MF nº 319, de 17 de fevereiro de 2025;F12 DO BRASIL JOGOS ELETRONICOS LTDA;51.897.834/0001-82;F12.BET;f12.bet.br;0010/2024;;;;;;;;
;(Alterada pela Portaria SPA/MF nº 1.423, de 30 de junho de 2025);;; LUVA.BET;luva.bet.br;;;;;;;;;
;;;;BRASIL.BET;brasil.bet.br;;;;;;;;;
49;SPA/MF nº 270, de 10 de fevereiro de 2025;BELL VENTURES DIGITAL LTDA;56.638.458/0001-25 ;BANDBET ;bandbet.bet.br;0051/2024;;;;;;;;
50;SPA/MF nº 265, de 07 de fevereiro de 2025;NEXUS INTERNATIONAL LTDA;55.078.134/0001-17;MEGAPOSTA;megaposta.bet.br;0118/2024;;;;;;;;
51;SPA/MF nº 264, de 07 de fevereiro de 2025;OLAVIR LTDA;56.873.267/0001-48;RIVALO;rivalo.bet.br       ;0105/2024;;;;;;;;
52;SPA/MF nº 263, de 07 de fevereiro de 2025;STAKE BRAZIL LTDA; 56.525.936/0001-90;STAKE;stake.bet.br        ;0079/2024;;;;;;;;
53;SPA/MF nº 262, de 07 de fevereiro de 2025;JOGO PRINCIPAL LTDA;56.302.709/0001-04;GINGABET;ginga.bet.br        ;0073/2024;;;;;;;;
;;;;QGBET ;qg.bet.br           ;;;;;;;;;
;(Retificada em 18 de fevereiro de 2025);;;VIVASORTE;vivasorte.bet.br    ;;;;;;;;;
54;SPA/MF nº 261, de 07 de fevereiro de 2025;BRILLIANT GAMING LTDA;56.259.060/0001-88;AFUN;afun.bet.br;0052/2024;;;;;;;;
;;;; AI ;ai.bet.br;;;;;;;;;
;;;;6Z;6z.bet.br;;;;;;;;;
55;SPA/MF nº 260, de 07 de fevereiro de 2025;SORTENABET GAMING BRASIL S.A.;54.989.030/0001-00;SORTENABET;sortenabet.bet.br   ;0050/2024;;;;;;;;
;;;;BETOU;betou.bet.br;;;;;;;;;
;;;;BETFUSION;betfusion.bet.br    ;;;;;;;;;
56;SPA/MF nº 259, de 07 de fevereiro de 2025;LEVANTE BRASIL LTDA;55.045.663/0001-14;SORTE ONLINE;sorteonline.bet.br  ;0040/2024;;;;;;;;
;;;;LOTTOLAND;lottoland.bet.br    ;;;;;;;;;
57;SPA/MF nº 258, de 07 de fevereiro de 2025;BETSPEED LTDA;56.061.524/0001-47;TIGER.BET;tiger.bet.br;0037/2024;;;;;;;;
;(Alterada pela Portaria SPA/MF nº 1.426, de 30 de junho de 2025);;;PQ777;pq777.bet.br;;;;;;;;;
;;;;5G;5g.bet.br;;;;;;;;;
58;SPA/MF nº 257, de 07 de fevereiro de 2025;BETESPORTE APOSTAS ON LINE LTDA; 56.295.104/0001-25 ;BETESPORTE;betesporte.bet.br;0033/2024;;;;;;;;
;;;;LANCE DE SORTE ;lancedesorte.bet.br;;;;;;;;;
59;SPA/MF nº 256, de 07 de fevereiro de 2025;SUPREMA BET LTDA;56.183.358/0001-51;SUPREMABET;suprema.bet.br      ;0032/2024;;;;;;;;
; (Alterada pela Portaria SPA/MF nº 1.539, de 14 de julho de 2025);;;MAXIMABET;maxima.bet.br       ;;;;;;;;;
;;;;ULTRABET;ultra.bet.br           ;;;;;;;;;
60;SPA/MF nº 255, de 07 de fevereiro de 2025;CDA GAMING LTDA;56.636.543/0001-54;CASA DE APOSTAS;casadeapostas.bet.br;0029/2024;;;;;;;;
;;;;BET SUL;betsul.bet.br;;;;;;;;;
;(Retificada em 18 de fevereiro de 2025);;;JOGO ONLINE;jogoonline.bet.br;;;;;;;;;
61;SPA/MF nº 254, de 07 de fevereiro de 2025;SC OPERATING BRAZIL LTDA;54.068.631/0001-71;VBET;vbet.bet.br         ;0028/2024;;;;;;;;
;;;;VIVARO;vivaro.bet.br       ;;;;;;;;;
62;SPA/MF nº 253, de 07 de fevereiro de 2025;H2 LICENSED LTDA; 56.303.755/0001-10;SEUBET;seu.bet.br          ;0027/2024;;;;;;;;
;;;;H2 BET;h2.bet.br           ;;;;;;;;;
63;SPA/MF nº 252, de 07 de fevereiro de 2025;LUCKY GAMING LTDA;56.212.040/0001-51;4WIN;4win.bet.br;0025/2024;;;;;;;;
;(Alterada pela Portaria SPA/MF nº 713, de 02 de abril de 2025);;;4PLAY;4play.bet.br;;;;;;;;;
;;;;PAGOL;pagol.bet.br;;;;;;;;;
64;SPA/MF nº 251, de 07 de fevereiro de 2025;APOSTA GANHA LOTERIAS LTDA; 56.001.749/0001-08;APOSTA GANHA;apostaganha.bet.br;0022/2024;;;;;;;;
;(Alterada pela Portaria SPA/MF nº 807, de 23 de março de 2026);;;RECEBA;receba.bet.br;;;;;;;;;
65;SPA/MF nº 250, de 07 de fevereiro de 2025;HS DO BRASIL LTDA;47.123.407/0001-70;BET365;bet365.bet.br;0021/2024;;;;;;;;
66;SPA/MF nº 249, de 07 fevereiro de 2025;NVBT GAMING LTDA; 50.587.712/0001-27;NOVIBET;novibet.bet.br      ;0017/2024;;;;;;;;
67;SPA/MF nº 248, de 07 de fevereiro de 2025;NSX BETFAIR BRASIL S.A;55.229.080/0001-43;BETFAIR;betfair.bet.br;0014/2024;;;;;;;;
;(Alterada pela Portaria SPA/MF nº 2.291, de 09 de outubro de 2025);;;;;;;;;;;;;
68;SPA/MF nº 247, de 07 de fevereiro de 2025;VENTMEAR BRASIL S.A.;52.868.380/0001-84;SPORTINGBET;sportingbet.bet.br;0004/2024;;;;;;;;
;;;;BETBOO;betboo.bet.br;;;;;;;;;
69;SPA/MF nº 246, de 07 de fevereiro de 2025;KAIZEN GAMING BRASIL LTDA;46.786.961/0001-74;BETANO;betano.bet.br;0001/2024;;;;;;;;
70;"SPA/MF nº 136, de 22 de janeiro de 2025
";ESPORTES GAMING BRASIL LTDA;56.075.466/0001-00;ESPORTES DA SORTE;esportesdasorte.bet.br ;0030/2024;;;;;;;;
;(Alterada pela Portaria SPA/MF nº 1.559, de 16 de julho de 2025);;;ONABET;ona.bet.br;;;;;;;;;
;(Retificada em 18 de julho de 2025);;;LOTTU;lottu.bet.br;;;;;;;;;
71;SPA/MF nº 2.105, de 30 de dezembro de 2024;LINDAU GAMING BRASIL S.A.;50.550.511/0001-55;OLEYBET;oleybet.bet.br;0085/2024;;;;;;;;
;(Alterada pela Portaria SPA/MF nº 756, de 08 de abril de 2025);;;;;;;;;;;;;
;(E pela Portaria SPA/MF nº 418, de 13 de fevereiro de 2026);;;;;;;;;;;;;
;(E pela Portaria SPA/MF nº 1.334, de 12 de maio de 2026);;;;;;;;;;;;;
72;SPA/MF nº 2.103, de 30 de dezembro de 2024;BETBOOM LTDA;54.951.974/0001-80;BETBOOM;betboom.bet.br;0069/2024;;;;;;;;
;(Alterada pela Portaria SPA/MF nº 1.926, de 30 de junho de 2026);;;FREE;free.bet.br;;;;;;;;;
73;SPA/MF nº 2.102, de 30 de dezembro de 2024;A2FBR S.A.;56.147.145/0001-74;PINNACLE;pinnacle.bet.br;0067/2024;;;;;;;;
;(Alterada pela Portaria SPA/MF nº 799, de 23 de março de 2026);;;MATCHBOOK;matchbook.bet.br;;;;;;;;;
;;;; BETESPECIAL;betespecial.bet.br;;;;;;;;;
74;SPA/MF nº 2.101, de 30 de dezembro de 2024;A2FBR S.A.;56.147.145/0001-74;BOLSA DE APOSTA;bolsadeaposta.bet.br;0067/2024;;;;;;;;
;(Alterada pela Portaria SPA/MF nº 798, de 23 de março de 2026);;;FULLTBET;fulltbet.bet.br;;;;;;;;;
;;;;BETBRA ;betbra.bet.br;;;;;;;;;
75;SPA/MF nº 2.100, de 30 de dezembro de 2024;ALFA ENTRETENIMENTO S.A.;55.359.927/0001-04;ALFA.BET;alfa.bet.br;0060/2024;;;;;;;;
76;SPA/MF nº 2.099, de 30 de dezembro de 2024;DIGIPLUS BRAZIL INTERACTIVE LTDA;56.060.798/0001-11;ARENAPLUS; arenaplus.bet.br;0041/2024;;;;;;;;
;(Alterada pela Portaria SPA/MF nº 1.761, de 11 de agosto de 2025;;;;;;;;;;;;;
;(E pela Portaria SPA/MF nº 2.429, de 24 de outubro de 2025);;;BINGOPLUS;bingoplus.bet.br;;;;;;;;;
77;SPA/MF nº 2.098, de 30 de dezembro de 2024;BOA LION S.A.; 53.837.227/0001-52 ;BETMGM ;betmgm.bet.br;0036/2024;;;;;;;;
;;;;MGM ;mgm.bet.br;;;;;;;;;
78;SPA/MF nº 2.097, de 30 de dezembro de 2024;SEGURO BET LTDA; 56.268.974/0001-05;SEGURO BET;seguro.bet.br       ;0018/2024;;;;;;;;
;;;;KING PANDA;kingpanda.bet.br;;;;;;;;;
79;SPA/MF nº 2.096, de 30 de dezembro de 2024;OIG GAMING BRAZIL LTDA;55.459.453/0001-72;7GAMES;7games.bet.br;0015/2024;;;;;;;;
;;;;BETÃO;betao.bet.br;;;;;;;;;
;;;;R7;r7.bet.br;;;;;;;;;
80;SPA/MF nº 2.095, de 30 de dezembro de 2024;BLAC JOGOS LTDA;55.988.317/0001-70;SPORTYBET;sporty.bet.br       ;0011/2024;;;;;;;;
;(Alterada pela Portaria SPA/MF nº 480, de 10 de março de 2025);;;;;;;;;;;;;
81;SPA/MF nº 2.094, de 30 de dezembro de 2024;GALERA GAMING JOGOS ELETRONICOS S.A.;31.853.299/0001-50;GALERA.BET;galera.bet.br;0009/2024;;;;;;;;
82;SPA/MF nº 2.093, de 30 de dezembro de 2024;APOLLO OPERATIONS LTDA; 54.923.003/0001-26;KTO;kto.bet.br;0007/2024;;;;;;;;
83;SPA/MF nº 2.092, de 30 de dezembro de 2024;NSX BRASIL S.A.;55.056.104/0001-00;BETNACIONAL;betnacional.bet.br;0006/2024;;;;;;;;
;(Alterada pela Portaria SPA/MF nº 1814, de 15 de agosto de 2025);;;;;;;;;;;;;
84;SPA/MF nº 2.091, de 30 de dezembro 2024;MMD TECNOLOGIA, ENTRETENIMENTO E MARKETING LTDA;34.935.286/0001-19;REI DO PITACO;reidopitaco.bet.br  ;0003/2024;;;;;;;;
;;;;PITACO;pitaco.bet.br       ;;;;;;;;;
;(Alterada pela Portaria SPA/MF nº 1.142, de 23 de maio de 2025);;;RdP;rdp.bet.br;;;;;;;;;
85;SPA/MF nº 2.090, de 30 de dezembro de 2024;SPRBT INTERACTIVE BRASIL LTDA ;54.071.596/0001-40;SUPERBET;superbet.bet.br     ;0002/2024;;;;;;;;
;;;;MAGICJACKPOT;magicjackpot.bet.br ;;;;;;;;;
;;;;SUPER ;super.bet.br        ;;;;;;;;;
;;;;;;;;;;;;;;
;;;;;;;;;;;;;;
;;;;;;;;;;;;;;
;;;;;;;;;;;;;;
;;;;;;;;;;;;;;
;;;;;;;;;;;;;;
;;;;;;;;;;;;;;
;;;;;;;;;;;;;;
;;;;;;;;;;;;;;
;;;;;;;;;;;;;;
;;;;;;;;;;;;;;
;;;;;;;;;;;;;;
;;;;;;;;;;;;;;
;;;;;;;;;;;;;;
;;;;;;;;;;;;;;
;;;;;;;;;;;;;;
;;;;;;;;;;;;;;
;;;;;;;;;;;;;;
;;;;;;;;;;;;;;
;;;;;;;;;;;;;;
;;;;;;;;;;;;;;
;;;;;;;;;;;;;;
;;;;;;;;;;;;;;
;;;;;;;;;;;;;;
;;;;;;;;;;;;;;
;;;;;;;;;;;;;;
;;;;;;;;;;;;;;
;;;;;;;;;;;;;;
;;;;;;;;;;;;;;
;;;;;;;;;;;;;;
;;;;;;;;;;;;;;
;;;;;;;;;;;;;;
;;;;;;;;;;;;;;
;;;;;;;;;;;;;;
;;;;;;;;;;;;;;
;;;;;;;;;;;;;;
;;;;;;;;;;;;;;
;;;;;;;;;;;;;;
;;;;;;;;;;;;;;
;;;;;;;;;;;;;;
;;;;;;;;;;;;;;
;;;;;;;;;;;;;;
;;;;;;;;;;;;;;
;;;;;;;;;;;;;;
;;;;;;;;;;;;;;
;;;;;;;;;;;;;;
;;;;;;;;;;;;;;
;;;;;;;;;;;;;;
;;;;;;;;;;;;;;
;;;;;;;;;;;;;;
;;;;;;;;;;;;;;
;;;;;;;;;;;;;;
;;;;;;;;;;;;;;
;;;;;;;;;;;;;;
;;;;;;;;;;;;;;
;;;;;;;;;;;;;;
;;;;;;;;;;;;;;
;;;;;;;;;;;;;;
;;;;;;;;;;;;;;
;;;;;;;;;;;;;;
;;;;;;;;;;;;;;
;;;;;;;;;;;;;;
;;;;;;;;;;;;;;
;;;;;;;;;;;;;;
;;;;;;;;;;;;;;
;;;;;;;;;;;;;;
;;;;;;;;;;;;;;
;;;;;;;;;;;;;;
;;;;;;;;;;;;;;
;;;;;;;;;;;;;;
;;;;;;;;;;;;;;
;;;;;;;;;;;;;;
;;;;;;;;;;;;;;
;;;;;;;;;;;;;;
;;;;;;;;;;;;;;
;;;;;;;;;;;;;;
;;;;;;;;;;;;;;
;;;;;;;;;;;;;;
;;;;;;;;;;;;;;
;;;;;;;;;;;;;;
;;;;;;;;;;;;;;
;;;;;;;;;;;;;;
;;;;;;;;;;;;;;
;;;;;;;;;;;;;;
;;;;;;;;;;;;;;
;;;;;;;;;;;;;;
;;;;;;;;;;;;;;
;;;;;;;;;;;;;;
;;;;;;;;;;;;;;
;;;;;;;;;;;;;;
;;;;;;;;;;;;;;
;;;;;;;;;;;;;;
;;;;;;;;;;;;;;
;;;;;;;;;;;;;;
;;;;;;;;;;;;;;
;;;;;;;;;;;;;;
;;;;;;;;;;;;;;
;;;;;;;;;;;;;;
;;;;;;;;;;;;;;
;;;;;;;;;;;;;;
;;;;;;;;;;;;;;
;;;;;;;;;;;;;;
;;;;;;;;;;;;;;
;;;;;;;;;;;;;;
;;;;;;;;;;;;;;
;;;;;;;;;;;;;;
;;;;;;;;;;;;;;
;;;;;;;;;;;;;;
;;;;;;;;;;;;;;
;;;;;;;;;;;;;;
;;;;;;;;;;;;;;
;;;;;;;;;;;;;;
;;;;;;;;;;;;;;
;;;;;;;;;;;;;;
;;;;;;;;;;;;;;
;;;;;;;;;;;;;;
;;;;;;;;;;;;;;
;;;;;;;;;;;;;;
;;;;;;;;;;;;;;
;;;;;;;;;;;;;;
;;;;;;;;;;;;;;
;;;;;;;;;;;;;;
;;;;;;;;;;;;;;
;;;;;;;;;;;;;;
;;;;;;;;;;;;;;
;;;;;;;;;;;;;;
;;;;;;;;;;;;;;
;;;;;;;;;;;;;;
;;;;;;;;;;;;;;
;;;;;;;;;;;;;;
;;;;;;;;;;;;;;
;;;;;;;;;;;;;;
;;;;;;;;;;;;;;
;;;;;;;;;;;;;;
;;;;;;;;;;;;;;
;;;;;;;;;;;;;;
;;;;;;;;;;;;;;
;;;;;;;;;;;;;;
;;;;;;;;;;;;;;
;;;;;;;;;;;;;;
;;;;;;;;;;;;;;
;;;;;;;;;;;;;;
;;;;;;;;;;;;;;
;;;;;;;;;;;;;;
;;;;;;;;;;;;;;
;;;;;;;;;;;;;;
;;;;;;;;;;;;;;
;;;;;;;;;;;;;;
;;;;;;;;;;;;;;
;;;;;;;;;;;;;;
;;;;;;;;;;;;;;
;;;;;;;;;;;;;;
;;;;;;;;;;;;;;
;;;;;;;;;;;;;;
;;;;;;;;;;;;;;
